{
  "type" : "lob",
  "custom" : false,
  "junction" : false,
  "customizable" : false,
  "verbs" : {
    "get" : "getMapping",
    "update" : "updateMapping",
    "create" : "createMapping",
    "delete" : "deleteMapping"
  },
  "entityProperties" : {
    "BatchMode" : "pagination",
    "backendMeta" : {
      "backendObjectName" : "guests",
      "qualifiedName" : "public.guests",
      "metadataformatterobject" : "{\"displayName\":\"guests\",\"qualifiedName\":\"public.guests\",\"entityType\":\"com.kony.rdbms.metadata.model.AnnotatedTable\",\"name\":\"guests\",\"schemaName\":\"public\",\"tableName\":\"guests\"}"
    },
    "designTimeBackendMeta" : {
      "backendObjectName" : "guests",
      "qualifiedName" : "public.guests",
      "metadataformatterobject" : "{\"displayName\":\"guests\",\"qualifiedName\":\"public.guests\",\"entityType\":\"com.kony.rdbms.metadata.model.AnnotatedTable\",\"name\":\"guests\",\"schemaName\":\"public\",\"tableName\":\"guests\"}"
    }
  },
  "commonMappings" : [ {
    "sourceFieldName" : "address",
    "targetField" : "address",
    "type" : "request_response"
  }, {
    "sourceFieldName" : "country",
    "targetField" : "country",
    "type" : "request_response"
  }, {
    "sourceFieldName" : "dob",
    "targetField" : "dob",
    "type" : "request_response"
  }, {
    "sourceFieldName" : "gender",
    "targetField" : "gender",
    "type" : "request_response"
  }, {
    "sourceFieldName" : "gmail",
    "targetField" : "gmail",
    "type" : "request_response"
  }, {
    "sourceFieldName" : "guestid",
    "targetField" : "guestid",
    "type" : "request_response"
  }, {
    "sourceFieldName" : "guestname",
    "targetField" : "guestname",
    "type" : "request_response"
  }, {
    "sourceFieldName" : "phone",
    "targetField" : "phone",
    "type" : "request_response"
  }, {
    "sourceFieldName" : "photo",
    "targetField" : "photo",
    "type" : "request_response"
  } ]
}