{
    "@class": "com.kony.gen.viz.model.component.KVizButton",
    "DNDConfig": null,
    "_height_": {
        "type": "string",
        "value": "40dp"
    },
    "_left_": {
        "type": "string",
        "value": "0dp"
    },
    "_margin_": [
        6,
        6,
        6,
        6
    ],
    "_padding_": [
        0,
        0,
        0,
        0
    ],
    "_skin_": "saca2a1a62db4c578322a84407432a7c",
    "_text_": "Create",
    "_top_": {
        "type": "string",
        "value": "570dp"
    },
    "_width_": {
        "type": "string",
        "value": "127dp"
    },
    "canUpdateUI": true,
    "centerx": {
        "type": "string",
        "value": "72.69%"
    },
    "containerweight": 100,
    "contentalignment": 5,
    "desktopweb": {
        "psp": {
            "hoverSkin": "s069eb42ab4743118d36a4a87c2dd3dc"
        }
    },
    "disabledSkins": {},
    "displaytext": true,
    "focusskin": "s12dc091e43d480ab7e875892f3c1648",
    "id": "btnCreate",
    "ide_onClick": "AS_Button_j500ee20266940e09c3fc9ec262f03ba",
    "info": null,
    "iscustomlayout": false,
    "isvisible": true,
    "kuid": "f227d7277aaa40ca8a1b761331a1eee4",
    "name": "kony.ui.Button",
    "parent": "flxCreateEventBody",
    "pf": "frmEvents",
    "responsiveData": {
        "b1": {
            "centerX": {
                "type": "string",
                "value": "76.21%"
            },
            "focusSkin": "s09cade966cf428aa284ed926fcf3e8c",
            "height": {
                "type": "string",
                "value": "35dp"
            },
            "skin": "s6fd75bdeb924f8a8bdd0287b888c2c7",
            "top": {
                "type": "string",
                "value": "415dp"
            },
            "width": {
                "type": "string",
                "value": "110dp"
            }
        },
        "b2": {
            "centerX": {
                "type": "string",
                "value": "72.63%"
            },
            "top": {
                "type": "string",
                "value": "640dp"
            }
        },
        "b3": {
            "skin": "s9127e36a1934c0582cdf812a114d656"
        },
        "b3655060512": {
            "centerX": {
                "type": "string",
                "value": "78.47%"
            },
            "top": {
                "type": "string",
                "value": "690dp"
            }
        },
        "b4": {
            "centerX": {
                "type": "string",
                "value": "74.00%"
            },
            "skin": "s7fc18117bc043a4acd97d992100785d",
            "top": {
                "type": "string",
                "value": "410dp"
            }
        }
    },
    "retaincontentalignment": false,
    "retainflexpositionproperties": false,
    "wType": "Button",
    "zindex": 1
}