{
    "@class": "com.kony.gen.viz.model.component.KVizLabel",
    "DNDConfig": null,
    "_height_": {
        "type": "string",
        "value": "25%"
    },
    "_left_": {
        "type": "string",
        "value": "47.00%"
    },
    "_margin_": [
        1,
        1,
        1,
        1
    ],
    "_padding_": [
        0,
        0,
        0,
        0
    ],
    "_skin_": "sd6a3855a8264d1381a7a3698dbcd5cb",
    "_text_": "Add Event",
    "_top_": {
        "type": "number",
        "value": "0"
    },
    "_width_": {
        "type": "ref",
        "value": "preferred"
    },
    "_wrapping_": 2,
    "android": {
        "textStyle": {
            "letterSpacing": 0,
            "strikeThrough": false
        }
    },
    "canUpdateUI": true,
    "centery": {
        "type": "string",
        "value": "80.54%"
    },
    "containerweight": 100,
    "contentalignment": 4,
    "id": "CopylblAddEvent0d2e75b1cd1f047",
    "info": null,
    "ipad": {
        "psp": {
            "wrapping": 2
        }
    },
    "iphone": {
        "psp": {
            "wrapping": 2
        }
    },
    "iscustomlayout": false,
    "isvisible": true,
    "kuid": "jafcbf6a556743a9b7ed872fd496d3d8",
    "name": "kony.ui.Label",
    "parent": "CopyflxEvent0je83c99473e34e",
    "pf": "frmEvents",
    "responsiveData": {
        "b1": {
            "skin": "sfec0b2e667d4fc5bc4d9cfa87caefff"
        },
        "b3": {
            "skin": "s1a38d0c779c48278bade4b12effa9dd"
        },
        "b3655060512": {}
    },
    "retaincontentalignment": false,
    "retainflexpositionproperties": false,
    "tooltip": "",
    "wType": "Label"
}