{
    "@class": "com.kony.gen.viz.model.component.KVizTextArea2",
    "DNDConfig": null,
    "_height_": {
        "type": "string",
        "value": "70%"
    },
    "_left_": {
        "type": "string",
        "value": "0dp"
    },
    "_margin_": [
        2,
        2,
        2,
        2
    ],
    "_padding_": [
        2,
        2,
        2,
        2
    ],
    "_placeholder_": "Description",
    "_skin_": "s9caf6fa45b1440d9720abf3511ea64b",
    "_text_": "",
    "_top_": {
        "type": "string",
        "value": "0dp"
    },
    "_width_": {
        "type": "string",
        "value": "90%"
    },
    "autocapitalize": "none",
    "autocomplete": false,
    "autocorrect": false,
    "autofilter": false,
    "canUpdateUI": true,
    "centerx": {
        "type": "string",
        "value": "45%"
    },
    "centery": {
        "type": "string",
        "value": "65%"
    },
    "closebuttontext": "",
    "containerheight": "",
    "containerheightmode": 1,
    "containerweight": 100,
    "contentalignment": 1,
    "desktopweb": {
        "placeholderSkin": "s6cde54c8f0d4571a00cb69a58ff7d8d"
    },
    "disabledSkins": {},
    "focusskin": "sff9f858331d4e70ba1b560cc193dffd",
    "id": "CopytAreaDesc0a5f05c41b41243",
    "info": null,
    "iscustomlayout": false,
    "isvisible": true,
    "keyboardstyle": "A",
    "keyboardtype": "A",
    "kuid": "g14cfb1576e1443f9dc2083669e836c2",
    "mode": "A",
    "name": "kony.ui.TextArea2",
    "numberofvisiblelines": 3,
    "parent": "flxDescContainer",
    "pf": "frmEvents",
    "placeholderskin": "s6cde54c8f0d4571a00cb69a58ff7d8d",
    "responsiveData": {
        "b1": {
            "centerX": {
                "type": "string",
                "value": "43%"
            },
            "centerY": {
                "type": "string",
                "value": "60%"
            },
            "desktopweb": {
                "placeholderSkin": "s9e59860026f4bf9bc7fe20e0e48eb1c"
            },
            "height": {
                "type": "string",
                "value": "68%"
            },
            "placeholderSkin": "s6cde54c8f0d4571a00cb69a58ff7d8d",
            "skin": "s87dad6e3db64433834d2e95e806d61f",
            "width": {
                "type": "string",
                "value": "85%"
            }
        },
        "b2": {
            "height": {
                "type": "string",
                "value": "90%"
            }
        },
        "b3": {
            "skin": "s16e8387bbad49f7b9e78ab2e8149cec"
        },
        "b3655060512": {
            "height": {
                "type": "string",
                "value": "90%"
            }
        },
        "b4": {
            "centerY": {
                "type": "string",
                "value": "55%"
            },
            "height": {
                "type": "string",
                "value": "60%"
            },
            "skin": "s90e8247e3ac40e2a8f680dd304083d7"
        }
    },
    "retaincontentalignment": false,
    "retainflexpositionproperties": false,
    "securetextentry": false,
    "showoprogressindicator": false,
    "showprogressindicator": false,
    "textinputmode": "A",
    "tooltip": "",
    "viewtype": "default",
    "wType": "TextArea",
    "zindex": 1
}