{
    "@class": "com.kony.gen.viz.model.component.KVizLabel",
    "DNDConfig": null,
    "_height_": {
        "type": "ref",
        "value": "preferred"
    },
    "_left_": {
        "type": "string",
        "value": "0dp"
    },
    "_margin_": [
        1,
        1,
        1,
        1
    ],
    "_padding_": [
        0,
        0,
        0,
        0
    ],
    "_skin_": "s85d86294ab545a29d93caec763a6c2d",
    "_text_": "",
    "_top_": {
        "type": "string",
        "value": "63dp"
    },
    "_width_": {
        "type": "string",
        "value": "100%"
    },
    "_wrapping_": 2,
    "android": {
        "textStyle": {
            "letterSpacing": 0,
            "strikeThrough": false
        }
    },
    "canUpdateUI": true,
    "containerweight": 100,
    "contentalignment": 4,
    "id": "CopylblLineBr0f61d8422aab344",
    "info": null,
    "ipad": {
        "psp": {
            "wrapping": 2
        }
    },
    "iphone": {
        "psp": {
            "wrapping": 2
        }
    },
    "iscustomlayout": false,
    "isvisible": true,
    "kuid": "i0eab54febda4a57a6b56da41fd076dc",
    "name": "kony.ui.Label",
    "parent": "flxCreateEvent",
    "pf": "frmEvents",
    "responsiveData": {
        "b1": {
            "top": {
                "type": "string",
                "value": "49dp"
            }
        },
        "b4": {
            "top": {
                "type": "string",
                "value": "50dp"
            }
        }
    },
    "retaincontentalignment": false,
    "retainflexpositionproperties": false,
    "tooltip": "",
    "wType": "Label",
    "zindex": 1
}