{
    "DNDConfig": null,
    "_height_": {
        "type": "string",
        "value": "12.50%"
    },
    "_left_": {
        "type": "string",
        "value": "0dp"
    },
    "_margin_": [
        0,
        0,
        0,
        0
    ],
    "_orientation_": 6,
    "_padding_": [
        0,
        0,
        0,
        0
    ],
    "_percent_": true,
    "_skin_": "s273c707edaf48b398888c020337a7c8",
    "_top_": {
        "type": "string",
        "value": "185dp"
    },
    "_width_": {
        "type": "string",
        "value": "100%"
    },
    "allboxes": [],
    "canUpdateUI": true,
    "centerx": {
        "type": "string",
        "value": "50.13%"
    },
    "children": [
        "CopylblFlightBooking0aa09f12cdd3a48",
        "CopyPlane0ce0abcf3b36541"
    ],
    "clipbounds": false,
    "containerweight": 100,
    "enablescrolling": true,
    "id": "CopyflxFlightBooking0c4a4f10942b34a",
    "info": null,
    "iscustomlayout": false,
    "isvisible": true,
    "kuid": "ca7e2b454f854faeb4b4c160e4cba77c",
    "layouttype": 2,
    "name": "kony.ui.FlexContainer",
    "parent": "CopyflxMenuList0cc3598be1f104b",
    "pf": "frmEvents",
    "responsiveData": {
        "b1": {
            "centerX": {
                "type": "string",
                "value": "49.86%"
            },
            "height": {
                "type": "string",
                "value": "18.50%"
            },
            "skin": "s9afbabaa73a49239c71702edc0349de",
            "top": {
                "type": "string",
                "value": "200dp"
            }
        },
        "b3": {
            "centerX": {
                "type": "string",
                "value": "50.13%"
            },
            "height": {
                "type": "string",
                "value": "18.50%"
            },
            "skin": "s20e01eeacd347a695e5667efeb6341f",
            "top": {
                "type": "string",
                "value": "199dp"
            }
        },
        "b3655060512": {
            "centerX": {
                "type": "string",
                "value": "50%"
            },
            "height": {
                "type": "string",
                "value": "18%"
            },
            "top": {
                "type": "string",
                "value": "227dp"
            }
        }
    },
    "retaincontentalignment": false,
    "retainflexpositionproperties": false,
    "retainflowhorizontalalignment": false,
    "snapgridsize": 10,
    "snaptogrid": true,
    "wType": "FlexContainer",
    "widgetalignment": 1
}