{
    "@class": "com.kony.gen.viz.model.component.KVizLabel",
    "DNDConfig": null,
    "_height_": {
        "type": "ref",
        "value": "preferred"
    },
    "_left_": {
        "type": "string",
        "value": "10dp"
    },
    "_margin_": [
        1,
        1,
        1,
        1
    ],
    "_padding_": [
        0,
        0,
        0,
        0
    ],
    "_skin_": "sa606bdb8d084de8a13bf02cee346ab9",
    "_text_": "Create Event",
    "_top_": {
        "type": "string",
        "value": "20dp"
    },
    "_width_": {
        "type": "ref",
        "value": "preferred"
    },
    "_wrapping_": 2,
    "android": {
        "textStyle": {
            "letterSpacing": 0,
            "strikeThrough": false
        }
    },
    "canUpdateUI": true,
    "containerweight": 100,
    "contentalignment": 4,
    "id": "CopylblCreateEvent0de93f11f7bcc45",
    "info": null,
    "ipad": {
        "psp": {
            "wrapping": 2
        }
    },
    "iphone": {
        "psp": {
            "wrapping": 2
        }
    },
    "iscustomlayout": false,
    "isvisible": true,
    "kuid": "f10def6e6cdf40a69b24b3653d9e9db8",
    "name": "kony.ui.Label",
    "parent": "flxCreateEvent",
    "pf": "frmEvents",
    "responsiveData": {
        "b1": {
            "skin": "s74e75775d2a4b3d804387b003bf5b1b"
        },
        "b3": {
            "skin": "s40abe1cecfb4340bf634801ff7cee34"
        },
        "b3655060512": {
            "skin": "s3f42d45bc0742a28cf04ac8673bfb7d"
        },
        "b4": {
            "skin": "s4c64e8aa4a041fca9f12606d5fdd50e"
        }
    },
    "retaincontentalignment": false,
    "retainflexpositionproperties": false,
    "tooltip": "",
    "wType": "Label",
    "zindex": 1
}