{
    "DNDConfig": null,
    "_height_": {
        "type": "string",
        "value": "80px"
    },
    "_left_": {
        "type": "string",
        "value": "0"
    },
    "_margin_": [
        0,
        0,
        0,
        0
    ],
    "_orientation_": 6,
    "_padding_": [
        0,
        0,
        0,
        0
    ],
    "_percent_": true,
    "_skin_": "s8cd41b7209e4586818a0158a1ae99b4",
    "_top_": {
        "type": "string",
        "value": "700dp"
    },
    "_width_": {
        "type": "string",
        "value": "75%"
    },
    "allboxes": [],
    "autogrowmode": 0,
    "canUpdateUI": true,
    "centerx": {
        "type": "string",
        "value": "50%"
    },
    "children": [
        "CopyFlexContainer0e5b110e445e34f",
        "CopyLabel0e65d40dad64c4d",
        "CopyPlusCircle0e2153c42587241"
    ],
    "clipbounds": false,
    "containerweight": 100,
    "enablescrolling": true,
    "id": "CopyflxCreateVisitors0j0dc620fcd694a",
    "ide_onClick": "AS_FlexContainer_fa537b01bd324ed0a027eab15ce0ae67",
    "info": null,
    "iscustomlayout": false,
    "isvisible": true,
    "kuid": "a83098ca797c4d448b3bcf7d96f328a3",
    "layouttype": 2,
    "name": "kony.ui.FlexContainer",
    "parent": "flxMenu",
    "pf": "frmEvents",
    "responsiveData": {
        "b1": {
            "centerX": {
                "type": "string",
                "value": "50.00%"
            },
            "top": {
                "type": "string",
                "value": "710dp"
            },
            "width": {
                "type": "string",
                "value": "65%"
            }
        },
        "b3": {
            "centerX": {
                "type": "string",
                "value": "50.00%"
            },
            "top": {
                "type": "string",
                "value": "660dp"
            },
            "width": {
                "type": "string",
                "value": "65%"
            }
        },
        "b3655060512": {
            "centerX": {
                "type": "string",
                "value": "50.13%"
            },
            "top": {
                "type": "string",
                "value": "780dp"
            }
        },
        "b5": {
            "centerX": {
                "type": "string",
                "value": "50.00%"
            },
            "top": {
                "type": "string",
                "value": "780dp"
            }
        }
    },
    "retaincontentalignment": false,
    "retainflexpositionproperties": false,
    "retainflowhorizontalalignment": false,
    "snapgridsize": 10,
    "snaptogrid": true,
    "wType": "FlexContainer",
    "widgetalignment": 1
}