{
    "@class": "com.kony.gen.viz.model.component.KVizImage2",
    "DNDConfig": null,
    "_base64_": null,
    "_height_": {
        "type": "string",
        "value": "150dp"
    },
    "_left_": {
        "type": "string",
        "value": "0"
    },
    "_margin_": [
        0,
        0,
        0,
        0
    ],
    "_padding_": [
        0,
        0,
        0,
        0
    ],
    "_skin_": "sbf7876460724fbca1e3792cca31e004",
    "_src_": "imagedrag.png",
    "_top_": {
        "type": "string",
        "value": "0"
    },
    "_width_": {
        "type": "string",
        "value": "150dp"
    },
    "canUpdateUI": true,
    "centery": {
        "type": "number",
        "value": ""
    },
    "containerweight": 100,
    "id": "CopyimgHamburgerMenu0a1e6db23f3f549",
    "imagescalemode": 1,
    "info": null,
    "invokedProperty": "src",
    "iscustomlayout": false,
    "isvisible": true,
    "kuid": "h3a7d97b9ca54663a2795cc302539fa5",
    "name": "kony.ui.Image2",
    "parent": "flxMenuContainer2",
    "pf": "frmEvents",
    "responsiveData": {
        "b2": {
            "centerY": {
                "type": "string",
                "value": "50%"
            },
            "height": {
                "type": "string",
                "value": "35dp"
            },
            "left": {
                "type": "string",
                "value": "20dp"
            },
            "src": "menu_maroon.png",
            "top": {
                "type": "string",
                "value": "23dp"
            },
            "width": {
                "type": "string",
                "value": "35dp"
            }
        },
        "b3": {
            "height": {
                "type": "string",
                "value": "100%"
            },
            "src": "menu_maroon.png",
            "width": {
                "type": "string",
                "value": "100%"
            }
        },
        "b3655060512": {
            "height": {
                "type": "string",
                "value": "100%"
            },
            "src": "menu_maroon.png",
            "width": {
                "type": "string",
                "value": "100%"
            }
        }
    },
    "retaincontentalignment": false,
    "retainflexpositionproperties": false,
    "srcType": 1,
    "wType": "Image",
    "widgetalignment": 5
}