{
    "@class": "com.kony.gen.viz.model.component.KVizLabel",
    "DNDConfig": null,
    "_height_": {
        "type": "ref",
        "value": "preferred"
    },
    "_left_": {
        "type": "string",
        "value": "10%"
    },
    "_margin_": [
        0,
        0,
        0,
        0
    ],
    "_padding_": [
        0,
        0,
        0,
        0
    ],
    "_skin_": "sb42adf1a487491c841499e41d5a4f7c",
    "_text_": "",
    "_top_": {
        "type": "string",
        "value": "10dp"
    },
    "_width_": {
        "type": "ref",
        "value": "preferred"
    },
    "_wrapping_": 2,
    "android": {
        "textStyle": {
            "letterSpacing": 0,
            "strikeThrough": false
        }
    },
    "canUpdateUI": true,
    "centery": {
        "type": "number",
        "value": ""
    },
    "containerweight": 100,
    "contentalignment": 4,
    "desktopweb": {
        "psp": {}
    },
    "disabledSkins": {},
    "id": "CopyBarChart0cfce229865b643",
    "info": null,
    "ipad": {
        "psp": {
            "wrapping": 2
        }
    },
    "iphone": {
        "psp": {
            "wrapping": 2
        }
    },
    "isvisible": true,
    "kuid": "c0daa7bf782b44fa926b2c4ffea14b6c",
    "masterType": 1,
    "name": "kony.ui.Label",
    "parent": "CopyflxEvent0je83c99473e34e",
    "pf": "frmEvents",
    "responsiveData": {
        "b3": {
            "centerY": {
                "type": "string",
                "value": "50%"
            }
        },
        "b3655060512": {
            "centerY": {
                "type": "string",
                "value": "50%"
            }
        }
    },
    "tooltip": "",
    "wType": "Label",
    "zindex": 1
}