{
    "DNDConfig": null,
    "_height_": {
        "type": "string",
        "value": "270dp"
    },
    "_left_": {
        "type": "string",
        "value": "0"
    },
    "_margin_": [
        0,
        0,
        0,
        0
    ],
    "_orientation_": 6,
    "_padding_": [
        0,
        0,
        0,
        0
    ],
    "_percent_": true,
    "_skin_": "s98fd9949fb643118d5ec3200dc1a142",
    "_top_": {
        "type": "string",
        "value": "110dp"
    },
    "_width_": {
        "type": "string",
        "value": "100%"
    },
    "allboxes": [],
    "canUpdateUI": true,
    "children": [
        "CopyflxDAshboard0b57a6478cf7d49",
        "CopyflxguestList0dcdc256208de4c",
        "CopyflxEvent0je83c99473e34e",
        "CopyflxHotelBooking0fa70a961f0ee4e",
        "CopyflxFlightBooking0c4a4f10942b34a",
        "CopyflxProfile0a14fea54d6bc44"
    ],
    "clipbounds": false,
    "containerweight": 100,
    "enablescrolling": true,
    "id": "CopyflxMenuList0cc3598be1f104b",
    "info": null,
    "iscustomlayout": false,
    "isvisible": true,
    "kuid": "f328a6c634074861ae474e76184de795",
    "layouttype": 2,
    "name": "kony.ui.FlexContainer",
    "parent": "flxMenu",
    "pf": "frmEvents",
    "responsiveData": {
        "b1": {
            "height": {
                "type": "string",
                "value": "290dp"
            },
            "top": {
                "type": "string",
                "value": "120dp"
            }
        },
        "b3655060512": {
            "height": {
                "type": "string",
                "value": "315dp"
            },
            "top": {
                "type": "string",
                "value": "150dp"
            }
        }
    },
    "retaincontentalignment": false,
    "retainflexpositionproperties": false,
    "retainflowhorizontalalignment": false,
    "snapgridsize": 10,
    "snaptogrid": true,
    "wType": "FlexContainer",
    "widgetalignment": 1
}