{
    "@class": "com.kony.gen.viz.model.component.KVizLabel",
    "DNDConfig": null,
    "_height_": {
        "type": "ref",
        "value": "preferred"
    },
    "_left_": {
        "type": "string",
        "value": "10dp"
    },
    "_margin_": [
        1,
        1,
        1,
        1
    ],
    "_padding_": [
        0,
        0,
        0,
        0
    ],
    "_skin_": "sa606bdb8d084de8a13bf02cee346ab9",
    "_text_": "List of Events",
    "_top_": {
        "type": "string",
        "value": "20dp"
    },
    "_width_": {
        "type": "ref",
        "value": "preferred"
    },
    "_wrapping_": 2,
    "android": {
        "textStyle": {
            "letterSpacing": 0,
            "strikeThrough": false
        }
    },
    "canUpdateUI": true,
    "containerweight": 100,
    "contentalignment": 4,
    "id": "CopylblListofEvents0a99166a2448f44",
    "info": null,
    "ipad": {
        "psp": {
            "wrapping": 2
        }
    },
    "iphone": {
        "psp": {
            "wrapping": 2
        }
    },
    "iscustomlayout": false,
    "isvisible": true,
    "kuid": "e395ba9ee45948e88e73c835cecd880f",
    "name": "kony.ui.Label",
    "parent": "flxListEvents",
    "pf": "frmEvents",
    "responsiveData": {
        "b1": {
            "skin": "sa6cd420427e411299fffa281a044131"
        },
        "b3": {
            "skin": "sc4bf7bba1774bfc87db8faa5833091b"
        },
        "b3655060512": {
            "skin": "s617fc3f53d94f39a6d02826ac930e8b"
        },
        "b4": {
            "skin": "s613c1f7ff1443ada89bc5236a12f67c"
        }
    },
    "retaincontentalignment": false,
    "retainflexpositionproperties": false,
    "tooltip": "",
    "wType": "Label",
    "zindex": 1
}