{
    "DNDConfig": null,
    "_height_": {
        "type": "string",
        "value": "18%"
    },
    "_left_": {
        "type": "string",
        "value": "0dp"
    },
    "_margin_": [
        0,
        0,
        0,
        0
    ],
    "_orientation_": 6,
    "_padding_": [
        0,
        0,
        0,
        0
    ],
    "_percent_": true,
    "_skin_": "s273c707edaf48b398888c020337a7c8",
    "_top_": {
        "type": "string",
        "value": "95dp"
    },
    "_width_": {
        "type": "string",
        "value": "100%"
    },
    "allboxes": [],
    "canUpdateUI": true,
    "centerx": {
        "type": "string",
        "value": "49.87%"
    },
    "children": [
        "CopylblEvent0g367625557fb44",
        "CopyCircleDark0cc17892822124c",
        "CopylblAddEvent0d2e75b1cd1f047",
        "CopyBarChart0cfce229865b643"
    ],
    "clipbounds": false,
    "containerweight": 100,
    "enablescrolling": true,
    "id": "CopyflxEvent0je83c99473e34e",
    "ide_onClick": "AS_FlexContainer_e17d52aae1fd414a885b56bc1042b7d0",
    "info": null,
    "iscustomlayout": false,
    "isvisible": true,
    "kuid": "a7690601c9c7480b841bd6f8196a3bfa",
    "layouttype": 2,
    "name": "kony.ui.FlexContainer",
    "parent": "CopyflxMenuList0cc3598be1f104b",
    "pf": "frmEvents",
    "responsiveData": {
        "b1": {
            "centerX": {
                "type": "string",
                "value": "49.74%"
            },
            "height": {
                "type": "string",
                "value": "18.50%"
            },
            "skin": "sdeda8aff9404514bb68e982ad42989b",
            "top": {
                "type": "string",
                "value": "100dp"
            }
        },
        "b3": {
            "centerX": {
                "type": "string",
                "value": "49.81%"
            },
            "skin": "s2f924aaa07546ada559f43e71508cc3",
            "top": {
                "type": "string",
                "value": "100dp"
            }
        },
        "b3655060512": {
            "centerX": {
                "type": "string",
                "value": "50%"
            },
            "height": {
                "type": "string",
                "value": "18%"
            },
            "top": {
                "type": "string",
                "value": "110dp"
            }
        }
    },
    "retaincontentalignment": false,
    "retainflexpositionproperties": false,
    "retainflowhorizontalalignment": false,
    "snapgridsize": 10,
    "snaptogrid": true,
    "wType": "FlexContainer",
    "widgetalignment": 1
}