{
    "DNDConfig": null,
    "_height_": {
        "type": "string",
        "value": "12.50%"
    },
    "_left_": {
        "type": "string",
        "value": "0"
    },
    "_margin_": [
        0,
        0,
        0,
        0
    ],
    "_orientation_": 6,
    "_padding_": [
        0,
        0,
        0,
        0
    ],
    "_percent_": true,
    "_skin_": "s273c707edaf48b398888c020337a7c8",
    "_top_": {
        "type": "string",
        "value": "0"
    },
    "_width_": {
        "type": "string",
        "value": "100%"
    },
    "allboxes": [],
    "canUpdateUI": true,
    "children": [
        "CopyLabel0e3ff45b7193e4d",
        "CopyHome0bf9bb8aa12d544"
    ],
    "clipbounds": false,
    "containerweight": 100,
    "enablescrolling": true,
    "id": "CopyflxDAshboard0b57a6478cf7d49",
    "ide_onClick": "AS_FlexContainer_d35ded30da9c47a2ba1a95014a57f277",
    "info": null,
    "iscustomlayout": false,
    "isvisible": true,
    "kuid": "ff0749d4bbca4cb7bd3303598f445139",
    "layouttype": 2,
    "name": "kony.ui.FlexContainer",
    "parent": "CopyflxMenuList0cc3598be1f104b",
    "pf": "frmEvents",
    "responsiveData": {
        "b1": {
            "height": {
                "type": "string",
                "value": "18.50%"
            },
            "skin": "s95ba7ef94184cb5affaddd4cda5c94b"
        },
        "b3": {
            "height": {
                "type": "string",
                "value": "18.50%"
            },
            "skin": "sfa1be0af30e4510a80e2471285483f1"
        },
        "b3655060512": {
            "height": {
                "type": "string",
                "value": "18%"
            }
        }
    },
    "retaincontentalignment": false,
    "retainflexpositionproperties": false,
    "retainflowhorizontalalignment": false,
    "snapgridsize": 10,
    "snaptogrid": true,
    "wType": "FlexContainer",
    "widgetalignment": 1
}