{
    "@class": "com.kony.gen.viz.model.component.KVizButton",
    "DNDConfig": null,
    "_bottom_": {
        "type": "string",
        "value": "15%"
    },
    "_height_": {
        "type": "string",
        "value": "25dp"
    },
    "_left_": {
        "type": "string",
        "value": "2%"
    },
    "_margin_": [
        6,
        6,
        6,
        6
    ],
    "_padding_": [
        0,
        0,
        0,
        0
    ],
    "_skin_": "s938791d9510452d87449f2b17029a52",
    "_text_": "View All Events",
    "_width_": {
        "type": "string",
        "value": "127dp"
    },
    "canUpdateUI": true,
    "containerweight": 100,
    "contentalignment": 5,
    "desktopweb": {
        "psp": {
            "hoverSkin": "s069eb42ab4743118d36a4a87c2dd3dc"
        }
    },
    "disabledSkins": {},
    "displaytext": true,
    "focusskin": "s12dc091e43d480ab7e875892f3c1648",
    "id": "CopybtnViewAllEvents0d93dedf09e1241",
    "info": null,
    "iscustomlayout": false,
    "isvisible": true,
    "kuid": "cd7de63423d14d09bbfa09544530c418",
    "name": "kony.ui.Button",
    "parent": "flxListEvents",
    "pf": "frmEvents",
    "responsiveData": {
        "b1": {
            "bottom": {
                "type": "string",
                "value": "10%"
            },
            "skin": "s2e728304229442f9688e4d035cbeb9b"
        }
    },
    "retaincontentalignment": false,
    "retainflexpositionproperties": false,
    "wType": "Button",
    "zindex": 1
}