{
    "@class": "com.kony.gen.viz.model.component.KVizLabel",
    "DNDConfig": null,
    "_height_": {
        "type": "ref",
        "value": "preferred"
    },
    "_left_": {
        "type": "string",
        "value": "0"
    },
    "_margin_": [
        1,
        1,
        1,
        1
    ],
    "_padding_": [
        0,
        0,
        0,
        0
    ],
    "_skin_": "s6ee2baacce84fd8bd6cff5916e9e733",
    "_text_": "Dashboard",
    "_width_": {
        "type": "string",
        "value": "50%"
    },
    "_wrapping_": 2,
    "android": {
        "textStyle": {
            "letterSpacing": 0,
            "strikeThrough": false
        }
    },
    "canUpdateUI": true,
    "centerx": {
        "type": "string",
        "value": "55%"
    },
    "centery": {
        "type": "string",
        "value": "50%"
    },
    "containerweight": 100,
    "contentalignment": 4,
    "id": "CopyLabel0e3ff45b7193e4d",
    "info": null,
    "ipad": {
        "psp": {
            "wrapping": 2
        }
    },
    "iphone": {
        "psp": {
            "wrapping": 2
        }
    },
    "iscustomlayout": false,
    "isvisible": true,
    "kuid": "ga20fda92b9545b38f0dab83ea1e9de8",
    "name": "kony.ui.Label",
    "parent": "CopyflxDAshboard0b57a6478cf7d49",
    "pf": "frmEvents",
    "responsiveData": {
        "b1": {
            "skin": "s8388946e4094ca2b7504a889d3c818c"
        },
        "b3": {
            "skin": "s58d7cfef6d244a59e4167f11074becd"
        },
        "b3655060512": {}
    },
    "retaincontentalignment": false,
    "retainflexpositionproperties": false,
    "tooltip": "",
    "wType": "Label"
}