{
    "@class": "com.kony.gen.viz.model.component.KVizTextArea2",
    "DNDConfig": null,
    "_bottom_": {
        "type": "number",
        "value": ""
    },
    "_height_": {
        "type": "string",
        "value": "70dp"
    },
    "_left_": {
        "type": "string",
        "value": "0dp"
    },
    "_margin_": [
        2,
        2,
        2,
        2
    ],
    "_padding_": [
        2,
        2,
        2,
        2
    ],
    "_placeholder_": "Organizer Information",
    "_skin_": "se83a780163f4684acc32a2290aaea04",
    "_text_": "",
    "_top_": {
        "type": "string",
        "value": "30dp"
    },
    "_width_": {
        "type": "string",
        "value": "90%"
    },
    "autocapitalize": "none",
    "autocomplete": false,
    "autocorrect": false,
    "autofilter": false,
    "canUpdateUI": true,
    "centerx": {
        "type": "number",
        "value": ""
    },
    "closebuttontext": "",
    "containerheight": "",
    "containerheightmode": 1,
    "containerweight": 100,
    "contentalignment": 1,
    "desktopweb": {
        "placeholderSkin": "sb3624fa1742466f8da1743b807c08a5"
    },
    "disabledSkins": {},
    "focusskin": "s85a67d403d54d9794151f1f8266850c",
    "id": "CopytxtAreaOrganizerInfo0a562736c8d5f4e",
    "info": null,
    "iscustomlayout": false,
    "isvisible": true,
    "keyboardstyle": "A",
    "keyboardtype": "A",
    "kuid": "dd9090a8bf2443bcb7c62b98f3d29c1d",
    "mode": "A",
    "name": "kony.ui.TextArea2",
    "numberofvisiblelines": 3,
    "parent": "organizerInfo",
    "pf": "frmEvents",
    "placeholderskin": "sb3624fa1742466f8da1743b807c08a5",
    "responsiveData": {
        "b1": {
            "centerX": {
                "type": "string",
                "value": "45%"
            },
            "desktopweb": {
                "placeholderSkin": "sd40fe9e6a99451ab8b1125cc082a27c"
            },
            "focusSkin": "s87fe73854794e41a787bcb392568027",
            "height": {
                "type": "string",
                "value": "50dp"
            },
            "placeholderSkin": "sb3624fa1742466f8da1743b807c08a5",
            "skin": "s812cfc1dc11472dbdf64ace7d75d937",
            "top": {
                "type": "string",
                "value": "25dp"
            }
        },
        "b2": {
            "height": {
                "type": "string",
                "value": "90dp"
            }
        },
        "b3": {
            "skin": "sbec76fa8d384d8586b410b67a987d5a"
        },
        "b3655060512": {
            "height": {
                "type": "string",
                "value": "100dp"
            }
        },
        "b4": {
            "bottom": {
                "type": "string",
                "value": "0dp"
            },
            "desktopweb": {
                "placeholderSkin": "s91dac72d3fa4dc4ba277d7b080bf7b6"
            },
            "height": {
                "type": "string",
                "value": "50dp"
            },
            "placeholderSkin": "sb3624fa1742466f8da1743b807c08a5",
            "skin": "sa38f143da1b4361b1a693e9af2f230b",
            "top": {
                "type": "string",
                "value": "20dp"
            }
        }
    },
    "retaincontentalignment": false,
    "retainflexpositionproperties": false,
    "securetextentry": false,
    "showoprogressindicator": false,
    "showprogressindicator": false,
    "textinputmode": "A",
    "tooltip": "",
    "viewtype": "default",
    "wType": "TextArea"
}