{
    "DNDConfig": null,
    "_height_": {
        "type": "string",
        "value": "30px"
    },
    "_left_": {
        "type": "string",
        "value": "0"
    },
    "_margin_": [
        0,
        0,
        0,
        0
    ],
    "_orientation_": 6,
    "_padding_": [
        0,
        0,
        0,
        0
    ],
    "_percent_": true,
    "_skin_": "s2bb2e0883a44716b6d15ee273f9ce8e",
    "_top_": {
        "type": "string",
        "value": "880dp"
    },
    "_width_": {
        "type": "string",
        "value": "90%"
    },
    "allboxes": [],
    "autogrowmode": 0,
    "canUpdateUI": true,
    "centerx": {
        "type": "string",
        "value": "50%"
    },
    "children": [
        "CopyImage0j1e1f63f140e45",
        "CopyLabel0bf7f9b333f9e4e"
    ],
    "clipbounds": false,
    "containerweight": 100,
    "enablescrolling": true,
    "id": "CopyflxLogout0b3d2484671d74d",
    "info": null,
    "iscustomlayout": false,
    "isvisible": true,
    "kuid": "g878f1ea0a004443bcc3a7e1b57d5c42",
    "layouttype": 2,
    "name": "kony.ui.FlexContainer",
    "parent": "flxMenu",
    "pf": "frmEvents",
    "responsiveData": {
        "b1": {
            "centerX": {
                "type": "string",
                "value": "57.20%"
            },
            "top": {
                "type": "string",
                "value": "820dp"
            }
        },
        "b3": {
            "centerX": {
                "type": "string",
                "value": "50.79%"
            },
            "isVisible": true,
            "top": {
                "type": "string",
                "value": "780dp"
            }
        },
        "b4": {
            "centerX": {
                "type": "string",
                "value": "54.67%"
            },
            "top": {
                "type": "string",
                "value": "815dp"
            }
        }
    },
    "retaincontentalignment": false,
    "retainflexpositionproperties": false,
    "retainflowhorizontalalignment": false,
    "snapgridsize": 10,
    "snaptogrid": true,
    "wType": "FlexContainer",
    "widgetalignment": 1
}