{
    "@class": "com.kony.gen.viz.model.component.KVizListBox",
    "DNDConfig": null,
    "_height_": {
        "type": "string",
        "value": "100%"
    },
    "_left_": {
        "type": "string",
        "value": "30dp"
    },
    "_margin_": [
        0,
        0,
        0,
        0
    ],
    "_padding_": [
        3,
        0,
        0,
        0
    ],
    "_placeholder_": "Please Select",
    "_skin_": "s33bafd3609d4965929bb3ab27369010",
    "_top_": {
        "type": "string",
        "value": "-20dp"
    },
    "_width_": {
        "type": "string",
        "value": "100%"
    },
    "canUpdateUI": true,
    "centerx": {
        "type": "string",
        "value": "50%"
    },
    "centery": {
        "type": "string",
        "value": "50%"
    },
    "containerweight": 100,
    "contentalignment": 4,
    "focusskin": "s13a16bbd195458882b3b2ba38f61acd",
    "groupcells": false,
    "id": "CopyListBox0ae499d0f1ff144",
    "info": null,
    "iscustomlayout": false,
    "isvisible": true,
    "kuid": "jeab0da665e241ffa639b4b12b266bed",
    "masterdata": [
        [
            "lb1",
            "Event Type"
        ],
        [
            "lb2",
            "Conference"
        ],
        [
            "lb3",
            "Seminar"
        ],
        [
            "Key4015497121",
            "Lunch"
        ],
        [
            "Key887916769",
            "Meeting"
        ],
        [
            "Key3836323785",
            "Festival"
        ],
        [
            "Key2415491870",
            "Concert"
        ],
        [
            "Key3454893266",
            "Party"
        ],
        [
            "Key1822115934",
            "Wedding"
        ],
        [
            "Key3760197679",
            "Fashion Show"
        ]
    ],
    "name": "kony.ui.ListBox",
    "parent": "flxEventType",
    "pf": "frmEvents",
    "responsiveData": {
        "b1": {
            "centerX": {
                "type": "string",
                "value": "45%"
            },
            "centerY": {
                "type": "string",
                "value": "50%"
            },
            "height": {
                "type": "string",
                "value": "100%"
            },
            "skin": "sd555b57bcdf4a5293ba19ac7e2b7b8e",
            "width": {
                "type": "string",
                "value": "85%"
            }
        },
        "b3": {
            "skin": "sfd78b0f47d445e28cc4b880d5b59e7b"
        },
        "b3655060512": {
            "centerY": {
                "type": "string",
                "value": ""
            },
            "top": {
                "type": "string",
                "value": "60dp"
            }
        },
        "b4": {
            "centerX": {
                "type": "string",
                "value": "50%"
            },
            "centerY": {
                "type": "string",
                "value": "50%"
            },
            "left": {
                "type": "string",
                "value": ""
            },
            "skin": "sa066b23b0db4b3e8c988628f98c595f",
            "top": {
                "type": "string",
                "value": ""
            }
        }
    },
    "retaincontentalignment": false,
    "retainflexpositionproperties": false,
    "selectedkeys": null,
    "selectedkeyvalue": null,
    "selectedkeyvalues": null,
    "size": 18,
    "viewconfig": {
        "toggleViewConfig": {
            "viewStyle": 0
        }
    },
    "viewtype": 0,
    "wType": "ListBox"
}