{
    "DNDConfig": null,
    "_height_": {
        "type": "string",
        "value": "75%"
    },
    "_left_": {
        "type": "string",
        "value": "0dp"
    },
    "_margin_": [
        0,
        0,
        0,
        0
    ],
    "_orientation_": 6,
    "_padding_": [
        0,
        0,
        0,
        0
    ],
    "_percent_": true,
    "_skin_": "s1c2b647a1a043a1b8655ade3d2c10c1",
    "_top_": {
        "type": "string",
        "value": "12%"
    },
    "_width_": {
        "type": "string",
        "value": "100%"
    },
    "allboxes": [],
    "canUpdateUI": true,
    "children": [
        "CopysegEventDetails0ac188229549140"
    ],
    "clipbounds": false,
    "containerweight": 100,
    "enablescrolling": true,
    "id": "CopyflxSeg0b23236345afc41",
    "info": null,
    "iscustomlayout": false,
    "isvisible": true,
    "kuid": "ee8d782b4a9e48c7935e8e6b56bdd2a3",
    "layouttype": 2,
    "name": "kony.ui.FlexContainer",
    "parent": "flxListEvents",
    "pf": "frmEvents",
    "responsiveData": {
        "b1": {
            "height": {
                "type": "string",
                "value": "70%"
            },
            "top": {
                "type": "string",
                "value": "9%"
            }
        },
        "b4": {
            "height": {
                "type": "string",
                "value": "90%"
            },
            "top": {
                "type": "string",
                "value": "9%"
            }
        }
    },
    "retaincontentalignment": false,
    "retainflexpositionproperties": false,
    "retainflowhorizontalalignment": false,
    "snapgridsize": 10,
    "snaptogrid": true,
    "wType": "FlexContainer",
    "widgetalignment": 1
}