{
    "DNDConfig": null,
    "_height_": {
        "type": "string",
        "value": "12.50%"
    },
    "_left_": {
        "type": "string",
        "value": "0dp"
    },
    "_margin_": [
        0,
        0,
        0,
        0
    ],
    "_orientation_": 6,
    "_padding_": [
        0,
        0,
        0,
        0
    ],
    "_percent_": true,
    "_skin_": "s273c707edaf48b398888c020337a7c8",
    "_top_": {
        "type": "string",
        "value": "220dp"
    },
    "_width_": {
        "type": "string",
        "value": "100%"
    },
    "allboxes": [],
    "canUpdateUI": true,
    "centerx": {
        "type": "string",
        "value": "50.26%"
    },
    "children": [
        "CopyLabel0e3da35b965b24e",
        "CopyUser0bbad374b206448"
    ],
    "clipbounds": false,
    "containerweight": 100,
    "enablescrolling": true,
    "id": "CopyflxProfile0a14fea54d6bc44",
    "ide_onClick": "AS_FlexContainer_e683d512ae90423586e462258afeb520",
    "info": null,
    "iscustomlayout": false,
    "isvisible": true,
    "kuid": "j7e181d39d814378b9dd9d527dac7f56",
    "layouttype": 2,
    "name": "kony.ui.FlexContainer",
    "parent": "CopyflxMenuList0cc3598be1f104b",
    "pf": "frmEvents",
    "responsiveData": {
        "b1": {
            "centerX": {
                "type": "string",
                "value": "49.46%"
            },
            "height": {
                "type": "string",
                "value": "18.50%"
            },
            "top": {
                "type": "string",
                "value": "250dp"
            }
        },
        "b3": {
            "centerX": {
                "type": "string",
                "value": "50%"
            },
            "height": {
                "type": "string",
                "value": "18.50%"
            },
            "skin": "s4aa62101af94b1e93d23328774320b9",
            "top": {
                "type": "string",
                "value": "249dp"
            }
        },
        "b3655060512": {
            "centerX": {
                "type": "string",
                "value": "50.00%"
            },
            "height": {
                "type": "string",
                "value": "18%"
            },
            "top": {
                "type": "string",
                "value": "280dp"
            }
        }
    },
    "retaincontentalignment": false,
    "retainflexpositionproperties": false,
    "retainflowhorizontalalignment": false,
    "snapgridsize": 10,
    "snaptogrid": true,
    "wType": "FlexContainer",
    "widgetalignment": 1
}