{
    "@class": "com.kony.gen.viz.model.component.KVizLabel",
    "DNDConfig": null,
    "_height_": {
        "type": "ref",
        "value": "preferred"
    },
    "_left_": {
        "type": "string",
        "value": "12%"
    },
    "_margin_": [
        0,
        0,
        0,
        0
    ],
    "_padding_": [
        0,
        0,
        0,
        0
    ],
    "_skin_": "sf38b22e70b44f51a4d7c62880e6ecc7",
    "_text_": "",
    "_top_": {
        "type": "string",
        "value": "10dp"
    },
    "_width_": {
        "type": "ref",
        "value": "preferred"
    },
    "_wrapping_": 2,
    "android": {
        "textStyle": {
            "letterSpacing": 0,
            "strikeThrough": false
        }
    },
    "canUpdateUI": true,
    "centery": {
        "type": "number",
        "value": ""
    },
    "containerweight": 100,
    "contentalignment": 4,
    "desktopweb": {
        "psp": {}
    },
    "disabledSkins": {},
    "id": "CopyPlane0ce0abcf3b36541",
    "info": null,
    "ipad": {
        "psp": {
            "wrapping": 2
        }
    },
    "iphone": {
        "psp": {
            "wrapping": 2
        }
    },
    "isvisible": true,
    "kuid": "af100dbb04ae4c33a2d2156af320d268",
    "masterType": 1,
    "name": "kony.ui.Label",
    "parent": "CopyflxFlightBooking0c4a4f10942b34a",
    "pf": "frmEvents",
    "responsiveData": {
        "b3": {
            "centerY": {
                "type": "string",
                "value": "50%"
            }
        },
        "b3655060512": {
            "centerY": {
                "type": "string",
                "value": "50%"
            }
        }
    },
    "tooltip": "",
    "wType": "Label",
    "zindex": 1
}