{
    "@class": "com.kony.gen.viz.model.component.KVizDateField",
    "DNDConfig": null,
    "Image": "calbtn.png",
    "__id": "frmEvents_CopyCalendar0d07c007d002f44",
    "__input": "CopyCalendar0d07c007d002f44",
    "_data_": null,
    "_date_": "13/12/2024",
    "_height_": {
        "type": "string",
        "value": "40dp"
    },
    "_left_": {
        "type": "string",
        "value": "0"
    },
    "_margin_": [
        0,
        0,
        0,
        0
    ],
    "_padding_": [
        0,
        0,
        0,
        0
    ],
    "_skin_": "s51832d6114443c797f5ca50c4faba02",
    "_top_": {
        "type": "string",
        "value": "5dp"
    },
    "_width_": {
        "type": "string",
        "value": "100%"
    },
    "advview": "default",
    "calendaricon": "calbtn.png",
    "canUpdateUI": true,
    "centerx": {
        "type": "string",
        "value": "50%"
    },
    "centery": {
        "type": "string",
        "value": "50%"
    },
    "containerweight": 100,
    "contentalignment": 5,
    "datecomponents": [
        13,
        12,
        2024,
        0,
        0,
        0
    ],
    "dateeditable": true,
    "dateformat": "dd/MM/yyyy",
    "datesGroup": [],
    "datesState": 0,
    "day": 13,
    "daytextalignmentincell": 5,
    "displayedMonths": [
        12,
        2024
    ],
    "entereddate": [
        13,
        12,
        2024,
        0,
        0,
        0
    ],
    "format": "dd/MM/yyyy",
    "formatteddate": "13/12/2024",
    "hidedaysheader": false,
    "hidemonthsheader": false,
    "hour": 0,
    "id": "CopyCalendar0d07c007d002f44",
    "info": null,
    "iscustomlayout": false,
    "isvisible": true,
    "kuid": "f3ee768d040946da84e4efb546adde0a",
    "minutes": 0,
    "month": 12,
    "monthsinrow": 3,
    "name": "kony.ui.Calendar",
    "navigatorAlert": "Invalid Selection",
    "noofmonths": 1,
    "pagedate": "/2024",
    "parent": "flxCalender",
    "pf": "frmEvents",
    "popupHeight": "auto",
    "popupWidth": "auto",
    "responsiveData": {
        "b1": {
            "height": {
                "type": "string",
                "value": "35dp"
            },
            "skin": "sbdcc3b6586c4da58eb3030cf9cde8e6"
        },
        "b3": {
            "skin": "sed9d5febeb94997801fab1f02cc3173"
        },
        "b4": {
            "skin": "sbc7df82850748c99a10c0f956adfdc5"
        }
    },
    "retaincontentalignment": false,
    "retainflexpositionproperties": false,
    "seconds": 0,
    "selectdate": "//2024",
    "startDay": 0,
    "viewtype": "default",
    "wType": "Calendar",
    "widgetalignment": 5,
    "widths": [
        "14.2857%;",
        "14.2857%;",
        "14.2857%;",
        "14.2857%;",
        "14.2857%;",
        "14.2857%;",
        "14.2857%;"
    ],
    "year": 2024
}