{
    "@class": "com.kony.gen.viz.model.component.KVizLabel",
    "DNDConfig": null,
    "_height_": {
        "type": "ref",
        "value": "preferred"
    },
    "_margin_": [
        0,
        0,
        0,
        0
    ],
    "_padding_": [
        0,
        0,
        0,
        0
    ],
    "_right_": {
        "type": "string",
        "value": "20dp"
    },
    "_skin_": "s929e2cfd3894af29666c92a38fc524d",
    "_text_": "",
    "_top_": {
        "type": "string",
        "value": "18dp"
    },
    "_width_": {
        "type": "ref",
        "value": "preferred"
    },
    "_wrapping_": 2,
    "android": {
        "textStyle": {
            "letterSpacing": 0,
            "strikeThrough": false
        }
    },
    "canUpdateUI": true,
    "containerweight": 100,
    "contentalignment": 4,
    "id": "CopyRemoveItem0ge2382fa65a544",
    "info": null,
    "ipad": {
        "psp": {
            "wrapping": 2
        }
    },
    "iphone": {
        "psp": {
            "wrapping": 2
        }
    },
    "isvisible": true,
    "kuid": "f646ada4165743069f8c418c23364a8a",
    "masterType": 1,
    "name": "kony.ui.Label",
    "parent": "flxListEvents",
    "pf": "frmEvents",
    "tooltip": "",
    "wType": "Label",
    "zindex": 1
}