{
    "@class": "com.kony.gen.viz.model.component.KVizLabel",
    "DNDConfig": null,
    "_height_": {
        "type": "ref",
        "value": "preferred"
    },
    "_left_": {
        "type": "string",
        "value": "12%"
    },
    "_margin_": [
        0,
        0,
        0,
        0
    ],
    "_padding_": [
        0,
        0,
        0,
        0
    ],
    "_skin_": "s9ce8a55b4644d568a09ecac3046491c",
    "_text_": "",
    "_top_": {
        "type": "string",
        "value": "18%"
    },
    "_width_": {
        "type": "ref",
        "value": "preferred"
    },
    "_wrapping_": 2,
    "android": {
        "textStyle": {
            "letterSpacing": 0,
            "strikeThrough": false
        }
    },
    "canUpdateUI": true,
    "centery": {
        "type": "number",
        "value": ""
    },
    "containerweight": 100,
    "contentalignment": 4,
    "id": "CopyHome0bf9bb8aa12d544",
    "info": null,
    "ipad": {
        "psp": {
            "wrapping": 2
        }
    },
    "iphone": {
        "psp": {
            "wrapping": 2
        }
    },
    "isvisible": true,
    "kuid": "g5e9177ae73c43cba8ec295259ab6668",
    "masterType": 1,
    "name": "kony.ui.Label",
    "parent": "CopyflxDAshboard0b57a6478cf7d49",
    "pf": "frmEvents",
    "responsiveData": {
        "b3": {
            "centerY": {
                "type": "string",
                "value": "50%"
            }
        },
        "b3655060512": {
            "centerY": {
                "type": "string",
                "value": "50%"
            }
        }
    },
    "tooltip": "",
    "wType": "Label",
    "zindex": 1
}