{
    "@class": "com.kony.gen.viz.model.container.KVizSegment2",
    "DNDConfig": null,
    "_data_": [
        [
            {
                "lblDate": {
                    "@class": "com.viz.ide.model.segment.SimpleTextSegmentData",
                    "text": "Date"
                },
                "lblEventname": {
                    "@class": "com.viz.ide.model.segment.SimpleTextSegmentData",
                    "text": "Event name"
                },
                "lblInformation": {
                    "@class": "com.viz.ide.model.segment.SimpleTextSegmentData",
                    "text": "Information"
                },
                "lblLocation": {
                    "@class": "com.viz.ide.model.segment.SimpleTextSegmentData",
                    "text": "Location"
                }
            },
            [
                {
                    "lblDate": {
                        "@class": "com.viz.ide.model.segment.SimpleTextSegmentData",
                        "text": "Label"
                    },
                    "lblEventname": {
                        "@class": "com.viz.ide.model.segment.SimpleTextSegmentData",
                        "text": "Label"
                    },
                    "lblInformation": {
                        "@class": "com.viz.ide.model.segment.SimpleTextSegmentData",
                        "text": "Label"
                    },
                    "lblLocation": {
                        "@class": "com.viz.ide.model.segment.SimpleTextSegmentData",
                        "text": "Label"
                    }
                },
                {
                    "lblDate": {
                        "@class": "com.viz.ide.model.segment.SimpleTextSegmentData",
                        "text": "Label"
                    },
                    "lblEventname": {
                        "@class": "com.viz.ide.model.segment.SimpleTextSegmentData",
                        "text": "Label"
                    },
                    "lblInformation": {
                        "@class": "com.viz.ide.model.segment.SimpleTextSegmentData",
                        "text": "Label"
                    },
                    "lblLocation": {
                        "@class": "com.viz.ide.model.segment.SimpleTextSegmentData",
                        "text": "Label"
                    }
                },
                {
                    "lblDate": {
                        "@class": "com.viz.ide.model.segment.SimpleTextSegmentData",
                        "text": "Label"
                    },
                    "lblEventname": {
                        "@class": "com.viz.ide.model.segment.SimpleTextSegmentData",
                        "text": "Label"
                    },
                    "lblInformation": {
                        "@class": "com.viz.ide.model.segment.SimpleTextSegmentData",
                        "text": "Label"
                    },
                    "lblLocation": {
                        "@class": "com.viz.ide.model.segment.SimpleTextSegmentData",
                        "text": "Label"
                    }
                },
                {
                    "lblDate": {
                        "@class": "com.viz.ide.model.segment.SimpleTextSegmentData",
                        "text": "Label"
                    },
                    "lblEventname": {
                        "@class": "com.viz.ide.model.segment.SimpleTextSegmentData",
                        "text": "Label"
                    },
                    "lblInformation": {
                        "@class": "com.viz.ide.model.segment.SimpleTextSegmentData",
                        "text": "Label"
                    },
                    "lblLocation": {
                        "@class": "com.viz.ide.model.segment.SimpleTextSegmentData",
                        "text": "Label"
                    }
                },
                {
                    "lblDate": {
                        "@class": "com.viz.ide.model.segment.SimpleTextSegmentData",
                        "text": "Label"
                    },
                    "lblEventname": {
                        "@class": "com.viz.ide.model.segment.SimpleTextSegmentData",
                        "text": "Label"
                    },
                    "lblInformation": {
                        "@class": "com.viz.ide.model.segment.SimpleTextSegmentData",
                        "text": "Label"
                    },
                    "lblLocation": {
                        "@class": "com.viz.ide.model.segment.SimpleTextSegmentData",
                        "text": "Label"
                    }
                },
                {
                    "lblDate": {
                        "@class": "com.viz.ide.model.segment.SimpleTextSegmentData",
                        "text": "Label"
                    },
                    "lblEventname": {
                        "@class": "com.viz.ide.model.segment.SimpleTextSegmentData",
                        "text": "Label"
                    },
                    "lblInformation": {
                        "@class": "com.viz.ide.model.segment.SimpleTextSegmentData",
                        "text": "Label"
                    },
                    "lblLocation": {
                        "@class": "com.viz.ide.model.segment.SimpleTextSegmentData",
                        "text": "Label"
                    }
                },
                {
                    "lblDate": {
                        "@class": "com.viz.ide.model.segment.SimpleTextSegmentData",
                        "text": "Label"
                    },
                    "lblEventname": {
                        "@class": "com.viz.ide.model.segment.SimpleTextSegmentData",
                        "text": "Label"
                    },
                    "lblInformation": {
                        "@class": "com.viz.ide.model.segment.SimpleTextSegmentData",
                        "text": "Label"
                    },
                    "lblLocation": {
                        "@class": "com.viz.ide.model.segment.SimpleTextSegmentData",
                        "text": "Label"
                    }
                }
            ]
        ]
    ],
    "_height_": {
        "type": "string",
        "value": "100%"
    },
    "_indicator_": "none",
    "_left_": {
        "type": "string",
        "value": "0dp"
    },
    "_margin_": [
        0,
        0,
        0,
        0
    ],
    "_orientation_": 2,
    "_padding_": [
        0,
        0,
        0,
        0
    ],
    "_top_": {
        "type": "string",
        "value": "0%"
    },
    "_width_": {
        "type": "string",
        "value": "100%"
    },
    "autogrowmode": 0,
    "canUpdateUI": true,
    "containerweight": 100,
    "counter": "06",
    "focusedindex": null,
    "focuseditem": null,
    "generatedtemplate": null,
    "groupcells": false,
    "hasSections": true,
    "id": "CopysegEventDetails0ac188229549140",
    "info": null,
    "ipad": {
        "psp": {
            "indicator": "rowselect"
        }
    },
    "iphone": {
        "psp": {
            "indicator": "rowselect"
        }
    },
    "iscustomlayout": false,
    "isvisible": true,
    "kuid": "hbe41d68387a4440a54c585fa8f746fe",
    "masterdata": {},
    "name": "kony.ui.SegmentedUI2",
    "needpageindicator": true,
    "pageoffdotimage": "pageoffdot.png",
    "pageondotimage": "pageondot.png",
    "paginationconfig": {
        "position": "bottom",
        "vdistance": 1
    },
    "parent": "CopyflxSeg0b23236345afc41",
    "pf": "frmEvents",
    "responsiveData": {
        "b1": {
            "data": [
                [
                    {
                        "lblDate": {
                            "@class": "com.viz.ide.model.segment.SimpleTextSegmentData",
                            "text": "Date",
                            "type": "Label"
                        },
                        "lblEventname": {
                            "@class": "com.viz.ide.model.segment.SimpleTextSegmentData",
                            "text": "Event name",
                            "type": "Label"
                        },
                        "lblInformation": {
                            "@class": "com.viz.ide.model.segment.SimpleTextSegmentData",
                            "text": "Information",
                            "type": "Label"
                        },
                        "lblLocation": {
                            "@class": "com.viz.ide.model.segment.SimpleTextSegmentData",
                            "text": "Location",
                            "type": "Label"
                        }
                    },
                    [
                        {
                            "lblDate": {
                                "@class": "com.viz.ide.model.segment.SimpleTextSegmentData",
                                "text": "07-Dec-24",
                                "type": "Label"
                            },
                            "lblEventname": {
                                "@class": "com.viz.ide.model.segment.SimpleTextSegmentData",
                                "text": "Traditional Dhow Festival",
                                "type": "Label"
                            },
                            "lblInformation": {
                                "@class": "com.viz.ide.model.segment.SimpleTextSegmentData",
                                "text": "view more",
                                "type": "Label"
                            },
                            "lblLocation": {
                                "@class": "com.viz.ide.model.segment.SimpleTextSegmentData",
                                "text": "Katara Cultural Village",
                                "type": "Label"
                            }
                        },
                        {
                            "lblDate": {
                                "@class": "com.viz.ide.model.segment.SimpleTextSegmentData",
                                "text": "15-Dec-24",
                                "type": "Label"
                            },
                            "lblEventname": {
                                "@class": "com.viz.ide.model.segment.SimpleTextSegmentData",
                                "text": "Razza Exihibition at Al Hazm",
                                "type": "Label"
                            },
                            "lblInformation": {
                                "@class": "com.viz.ide.model.segment.SimpleTextSegmentData",
                                "text": "view more",
                                "type": "Label"
                            },
                            "lblLocation": {
                                "@class": "com.viz.ide.model.segment.SimpleTextSegmentData",
                                "text": "Al Hazm Mall",
                                "type": "Label"
                            }
                        },
                        {
                            "lblDate": {
                                "@class": "com.viz.ide.model.segment.SimpleTextSegmentData",
                                "text": "22-Dec-24",
                                "type": "Label"
                            },
                            "lblEventname": {
                                "@class": "com.viz.ide.model.segment.SimpleTextSegmentData",
                                "text": "Intercontinental Cup Finals",
                                "type": "Label"
                            },
                            "lblInformation": {
                                "@class": "com.viz.ide.model.segment.SimpleTextSegmentData",
                                "text": "view more",
                                "type": "Label"
                            },
                            "lblLocation": {
                                "@class": "com.viz.ide.model.segment.SimpleTextSegmentData",
                                "text": "Qatar",
                                "type": "Label"
                            }
                        },
                        {
                            "lblDate": {
                                "@class": "com.viz.ide.model.segment.SimpleTextSegmentData",
                                "text": "18-Dec-24",
                                "type": "Label"
                            },
                            "lblEventname": {
                                "@class": "com.viz.ide.model.segment.SimpleTextSegmentData",
                                "text": "Beach Volley Ball Pro Finals",
                                "type": "Label"
                            },
                            "lblInformation": {
                                "@class": "com.viz.ide.model.segment.SimpleTextSegmentData",
                                "text": "view more",
                                "type": "Label"
                            },
                            "lblLocation": {
                                "@class": "com.viz.ide.model.segment.SimpleTextSegmentData",
                                "text": "Aspire Park",
                                "type": "Label"
                            }
                        },
                        {
                            "lblDate": {
                                "@class": "com.viz.ide.model.segment.SimpleTextSegmentData",
                                "text": "22-Dec-24",
                                "type": "Label"
                            },
                            "lblEventname": {
                                "@class": "com.viz.ide.model.segment.SimpleTextSegmentData",
                                "text": "QNL Winter Camp",
                                "type": "Label"
                            },
                            "lblInformation": {
                                "@class": "com.viz.ide.model.segment.SimpleTextSegmentData",
                                "text": "view more",
                                "type": "Label"
                            },
                            "lblLocation": {
                                "@class": "com.viz.ide.model.segment.SimpleTextSegmentData",
                                "text": "Qatar National Library ",
                                "type": "Label"
                            }
                        },
                        {
                            "lblDate": {
                                "@class": "com.viz.ide.model.segment.SimpleTextSegmentData",
                                "text": "22-Dec-24",
                                "type": "Label"
                            },
                            "lblEventname": {
                                "@class": "com.viz.ide.model.segment.SimpleTextSegmentData",
                                "text": "Bryan Adams Concert",
                                "type": "Label"
                            },
                            "lblInformation": {
                                "@class": "com.viz.ide.model.segment.SimpleTextSegmentData",
                                "text": "view more",
                                "type": "Label"
                            },
                            "lblLocation": {
                                "@class": "com.viz.ide.model.segment.SimpleTextSegmentData",
                                "text": "QNCC",
                                "type": "Label"
                            }
                        },
                        {
                            "lblDate": {
                                "@class": "com.viz.ide.model.segment.SimpleTextSegmentData",
                                "text": "26-Dec-24",
                                "type": "Label"
                            },
                            "lblEventname": {
                                "@class": "com.viz.ide.model.segment.SimpleTextSegmentData",
                                "text": "EveryThing You Could Wish",
                                "type": "Label"
                            },
                            "lblInformation": {
                                "@class": "com.viz.ide.model.segment.SimpleTextSegmentData",
                                "text": "view more",
                                "type": "Label"
                            },
                            "lblLocation": {
                                "@class": "com.viz.ide.model.segment.SimpleTextSegmentData",
                                "text": "Theatre , Mesaimeer",
                                "type": "Label"
                            }
                        }
                    ]
                ]
            ],
            "top": {
                "type": "string",
                "value": "3%"
            }
        },
        "b3": {
            "rowSkin": "s9fb9c6e22674e8d88bd41b9b5a4bb41"
        }
    },
    "retaincontentalignment": false,
    "retainflexpositionproperties": false,
    "retainselection": false,
    "rowTemplateId": "d786b916437741b0bfa60e1292abb6ee",
    "rowcounter": 6,
    "rowfocusskin": "sd151a56c9a94d428951f9337d0b2da0",
    "rowskin": "sde1e0db9c6c4195b8048ed339bc037a",
    "rowtemplate": "CopyflxEvent",
    "screenlevelwidget": false,
    "seccounter": 0,
    "sectionHeaderTemplateId": "adff3217d11b400082ce5330c60606b3",
    "sectionheaderskin": "s58116c5a0a04403a40929368d844e06",
    "sectionheadertemplate": "CopyflxEventHeader",
    "selectedRows": null,
    "selectedState": false,
    "selectedindex": null,
    "selectedindices": null,
    "selecteditems": null,
    "selectedsectionindex": 0,
    "selectionbehavior": "default",
    "selectionbehaviorconfig": null,
    "separatorcolor": "aaaaaa00",
    "separatorrequired": true,
    "separatorthickness": 1,
    "showscrollbars": false,
    "swipeContext": {
        "currentPage": 0,
        "imageWidth": 578,
        "widthRatio": 0
    },
    "viewtype": "tableview",
    "vizProps": {},
    "wType": "Segment",
    "widgetalignment": 5,
    "widgetdatamap": {
        "CopyflxEvent": "CopyflxEvent",
        "CopyflxEventHeader": "CopyflxEventHeader",
        "lblDate": "lblDate",
        "lblEventname": "lblEventname",
        "lblInformation": "lblInformation",
        "lblLocation": "lblLocation"
    },
    "zindex": 1
}