{
    "@class": "com.kony.gen.viz.model.component.KVizTextBox2",
    "DNDConfig": null,
    "_height_": {
        "type": "string",
        "value": "40dp"
    },
    "_left_": {
        "type": "string",
        "value": "0dp"
    },
    "_margin_": [
        0,
        0,
        0,
        0
    ],
    "_padding_": [
        3,
        0,
        0,
        0
    ],
    "_placeholder_": "Event Title",
    "_skin_": "s1e77e9513964b7cb094dd4ba493c643",
    "_text_": "",
    "_top_": {
        "type": "string",
        "value": "0dp"
    },
    "_width_": {
        "type": "string",
        "value": "90%"
    },
    "autocapitalize": "none",
    "autocomplete": false,
    "autocorrect": false,
    "autofilter": false,
    "canUpdateUI": true,
    "centerx": {
        "type": "string",
        "value": "45%"
    },
    "centery": {
        "type": "string",
        "value": "70%"
    },
    "containerheight": "",
    "containerheightmode": 1,
    "containerweight": 100,
    "contentalignment": 4,
    "desktopweb": {
        "placeholderSkin": "s17ca60629df4eb4b770df9f2b6e0e3a"
    },
    "disabledSkins": {},
    "focusskin": "sde1a3982e704577a79b11e9aadcef32",
    "id": "CopytbxEventTitle0ac8babd5b9b542",
    "info": null,
    "iscustomlayout": false,
    "isvisible": true,
    "keyboardtype": "A",
    "kuid": "d90c02d0dad4461cab3e7d18f101d377",
    "mode": "A",
    "name": "kony.ui.TextBox2",
    "parent": "flxEventTitle",
    "pf": "frmEvents",
    "placeholderskin": "s17ca60629df4eb4b770df9f2b6e0e3a",
    "responsiveData": {
        "b1": {
            "centerX": {
                "type": "string",
                "value": "45%"
            },
            "desktopweb": {
                "placeholderSkin": "s8aba703189a48c59b4f04632ede6505"
            },
            "height": {
                "type": "string",
                "value": "35dp"
            },
            "placeholderSkin": "s17ca60629df4eb4b770df9f2b6e0e3a",
            "skin": "s74b8f1b68264f189096ff894c12a63c",
            "width": {
                "type": "string",
                "value": "85%"
            }
        },
        "b3": {
            "desktopweb": {
                "placeholderSkin": "sb6990a56ada49d4b4fe6140207fe619"
            },
            "placeholderSkin": "s17ca60629df4eb4b770df9f2b6e0e3a"
        },
        "b4": {
            "centerY": {
                "type": "string",
                "value": "60%"
            },
            "desktopweb": {
                "placeholderSkin": "s999fc9b323a4959939fd367630ed240"
            },
            "height": {
                "type": "string",
                "value": "30dp"
            },
            "placeholderSkin": "s17ca60629df4eb4b770df9f2b6e0e3a",
            "skin": "sc2e4aa2a15d45ee8885a6135afc00b9"
        }
    },
    "retaincontentalignment": false,
    "retainflexpositionproperties": false,
    "securetextentry": false,
    "textinputmode": "A",
    "tooltip": "",
    "viewtype": "default",
    "wType": "TextField",
    "zindex": 1
}