{
    "DNDConfig": null,
    "_height_": {
        "type": "string",
        "value": "60%"
    },
    "_left_": {
        "type": "number",
        "value": "0"
    },
    "_margin_": [
        0,
        0,
        0,
        0
    ],
    "_orientation_": 6,
    "_padding_": [
        0,
        0,
        0,
        0
    ],
    "_percent_": true,
    "_skin_": "s593ba50f03348e3b9e7be5c0134ac60",
    "_top_": {
        "type": "string",
        "value": "0"
    },
    "_width_": {
        "type": "string",
        "value": "8%"
    },
    "allboxes": [],
    "autogrowmode": 0,
    "canUpdateUI": true,
    "centerx": {
        "type": "string",
        "value": "55%"
    },
    "centery": {
        "type": "string",
        "value": "50%"
    },
    "children": [
        "CopyImage0f01eba918f6141"
    ],
    "clipbounds": false,
    "containerweight": 100,
    "enablescrolling": true,
    "id": "CopyFlexContainer0a38db1d8860c41",
    "info": null,
    "iscustomlayout": false,
    "isvisible": true,
    "kuid": "i2fea233c4cc405997be54ac408c82b4",
    "layouttype": 2,
    "name": "kony.ui.FlexContainer",
    "parent": "flxSearch",
    "pf": "frmEvents",
    "retaincontentalignment": false,
    "retainflexpositionproperties": false,
    "retainflowhorizontalalignment": false,
    "snapgridsize": 10,
    "snaptogrid": true,
    "wType": "FlexContainer",
    "widgetalignment": 1
}