{
    "DNDConfig": null,
    "_height_": {
        "type": "string",
        "value": "12.50%"
    },
    "_left_": {
        "type": "string",
        "value": "0dp"
    },
    "_margin_": [
        0,
        0,
        0,
        0
    ],
    "_orientation_": 6,
    "_padding_": [
        0,
        0,
        0,
        0
    ],
    "_percent_": true,
    "_skin_": "s273c707edaf48b398888c020337a7c8",
    "_top_": {
        "type": "string",
        "value": "145dp"
    },
    "_width_": {
        "type": "string",
        "value": "100%"
    },
    "allboxes": [],
    "canUpdateUI": true,
    "centerx": {
        "type": "string",
        "value": "50.13%"
    },
    "children": [
        "CopyLabel0cd45ce07854c42",
        "CopyBuildingDark0c755137fd87044"
    ],
    "clipbounds": false,
    "containerweight": 100,
    "enablescrolling": true,
    "id": "CopyflxHotelBooking0fa70a961f0ee4e",
    "info": null,
    "iscustomlayout": false,
    "isvisible": true,
    "kuid": "b2b1586bad214c778d93364551f42f6b",
    "layouttype": 2,
    "name": "kony.ui.FlexContainer",
    "parent": "CopyflxMenuList0cc3598be1f104b",
    "pf": "frmEvents",
    "responsiveData": {
        "b1": {
            "centerX": {
                "type": "string",
                "value": "50%"
            },
            "height": {
                "type": "string",
                "value": "18.50%"
            },
            "skin": "s5f76c2c2057439894b4e7f95152ece4",
            "top": {
                "type": "string",
                "value": "150dp"
            }
        },
        "b3": {
            "centerX": {
                "type": "string",
                "value": "50.63%"
            },
            "height": {
                "type": "string",
                "value": "18.50%"
            },
            "top": {
                "type": "string",
                "value": "149dp"
            }
        },
        "b3655060512": {
            "centerX": {
                "type": "string",
                "value": "50%"
            },
            "height": {
                "type": "string",
                "value": "18%"
            },
            "top": {
                "type": "string",
                "value": "167dp"
            }
        }
    },
    "retaincontentalignment": false,
    "retainflexpositionproperties": false,
    "retainflowhorizontalalignment": false,
    "snapgridsize": 10,
    "snaptogrid": true,
    "wType": "FlexContainer",
    "widgetalignment": 1
}