{
    "@class": "com.kony.gen.viz.model.component.KVizLabel",
    "DNDConfig": null,
    "_height_": {
        "type": "ref",
        "value": "preferred"
    },
    "_margin_": [
        0,
        0,
        0,
        0
    ],
    "_padding_": [
        0,
        0,
        0,
        0
    ],
    "_right_": {
        "type": "string",
        "value": "54dp"
    },
    "_skin_": "s198d8fbfea049b0a935c32df9eee644",
    "_text_": "",
    "_top_": {
        "type": "string",
        "value": "18dp"
    },
    "_width_": {
        "type": "ref",
        "value": "preferred"
    },
    "_wrapping_": 2,
    "android": {
        "textStyle": {
            "letterSpacing": 0,
            "strikeThrough": false
        }
    },
    "canUpdateUI": true,
    "containerweight": 100,
    "contentalignment": 4,
    "id": "CopyMinus0b6ea485d453949",
    "info": null,
    "ipad": {
        "psp": {
            "wrapping": 2
        }
    },
    "iphone": {
        "psp": {
            "wrapping": 2
        }
    },
    "isvisible": true,
    "kuid": "d97a76bc30b743338358ae37e64ae1b0",
    "masterType": 1,
    "name": "kony.ui.Label",
    "parent": "flxListEvents",
    "pf": "frmEvents",
    "tooltip": "",
    "wType": "Label",
    "zindex": 1
}