{
    "@class": "com.kony.gen.viz.model.component.KVizLabel",
    "DNDConfig": null,
    "_height_": {
        "type": "ref",
        "value": "preferred"
    },
    "_left_": {
        "type": "string",
        "value": "10%"
    },
    "_margin_": [
        1,
        1,
        1,
        1
    ],
    "_padding_": [
        0,
        0,
        0,
        0
    ],
    "_skin_": "s98e8dd4f18d46009e8a5b1a74e642d5",
    "_text_": "Create Event here",
    "_top_": {
        "type": "string",
        "value": "3dp"
    },
    "_width_": {
        "type": "ref",
        "value": "preferred"
    },
    "_wrapping_": 2,
    "android": {
        "textStyle": {
            "letterSpacing": 0,
            "strikeThrough": false
        }
    },
    "canUpdateUI": true,
    "containerweight": 100,
    "contentalignment": 4,
    "id": "CopylblPagesEvents0c9d056a70a704f",
    "info": null,
    "ipad": {
        "psp": {
            "wrapping": 2
        }
    },
    "iphone": {
        "psp": {
            "wrapping": 2
        }
    },
    "iscustomlayout": false,
    "isvisible": true,
    "kuid": "d03e0e2dab7a4a90b2fd5341842ea077",
    "name": "kony.ui.Label",
    "parent": "flxPageEvents",
    "pf": "frmEvents",
    "responsiveData": {
        "b1": {
            "skin": "s4a6f96b3a7b409e8c147f71792f71ce",
            "text": "Welcome Anu..."
        },
        "b3": {
            "left": {
                "type": "string",
                "value": "0%"
            },
            "skin": "sc2ad8e134b841f6b1922f322e57b988"
        },
        "b3655060512": {
            "skin": "sc2f34c247804485892aa2c352d301b2"
        },
        "b4": {
            "left": {
                "type": "string",
                "value": "0dp"
            },
            "skin": "s7c5837b53c64e819533b003867e7859"
        }
    },
    "retaincontentalignment": false,
    "retainflexpositionproperties": false,
    "tooltip": "",
    "wType": "Label",
    "zindex": 1
}