{
    "@class": "com.kony.gen.viz.model.component.KVizLabel",
    "DNDConfig": null,
    "_height_": {
        "type": "ref",
        "value": "preferred"
    },
    "_left_": {
        "type": "string",
        "value": "0"
    },
    "_margin_": [
        1,
        1,
        1,
        1
    ],
    "_padding_": [
        0,
        0,
        0,
        0
    ],
    "_skin_": "sf8aab4343e340fe9861615e03c637a5",
    "_text_": "Flight Booking",
    "_width_": {
        "type": "string",
        "value": "50%"
    },
    "_wrapping_": 2,
    "android": {
        "textStyle": {
            "letterSpacing": 0,
            "strikeThrough": false
        }
    },
    "canUpdateUI": true,
    "centerx": {
        "type": "string",
        "value": "55%"
    },
    "centery": {
        "type": "string",
        "value": "50%"
    },
    "containerweight": 100,
    "contentalignment": 4,
    "id": "CopylblFlightBooking0aa09f12cdd3a48",
    "info": null,
    "ipad": {
        "psp": {
            "wrapping": 2
        }
    },
    "iphone": {
        "psp": {
            "wrapping": 2
        }
    },
    "iscustomlayout": false,
    "isvisible": true,
    "kuid": "c3d63d86cfcb4a53a821342b40eab089",
    "name": "kony.ui.Label",
    "parent": "CopyflxFlightBooking0c4a4f10942b34a",
    "pf": "frmEvents",
    "responsiveData": {
        "b1": {
            "skin": "s77c696d6b9349938edc8c782a322a53"
        },
        "b3": {
            "centerY": {
                "type": "string",
                "value": "50%"
            },
            "height": {
                "type": "string",
                "value": "90%"
            },
            "skin": "s876ed7817184693b66bc44156ba01eb"
        },
        "b3655060512": {},
        "b5": {
            "width": {
                "type": "string",
                "value": "60%"
            }
        }
    },
    "retaincontentalignment": false,
    "retainflexpositionproperties": false,
    "tooltip": "",
    "wType": "Label"
}