{
    "@class": "com.kony.gen.viz.model.component.KVizLabel",
    "DNDConfig": null,
    "_height_": {
        "type": "ref",
        "value": "preferred"
    },
    "_left_": {
        "type": "string",
        "value": "0"
    },
    "_margin_": [
        1,
        1,
        1,
        1
    ],
    "_padding_": [
        0,
        0,
        0,
        0
    ],
    "_skin_": "s8c1c004c5924f11bd027cb5a8a09e44",
    "_text_": "Guest List",
    "_width_": {
        "type": "string",
        "value": "50%"
    },
    "_wrapping_": 2,
    "android": {
        "textStyle": {
            "letterSpacing": 0,
            "strikeThrough": false
        }
    },
    "canUpdateUI": true,
    "centerx": {
        "type": "string",
        "value": "55.00%"
    },
    "centery": {
        "type": "string",
        "value": "30.00%"
    },
    "containerweight": 100,
    "contentalignment": 4,
    "id": "CopyLabel0d6b7d766599645",
    "info": null,
    "ipad": {
        "psp": {
            "wrapping": 2
        }
    },
    "iphone": {
        "psp": {
            "wrapping": 2
        }
    },
    "iscustomlayout": false,
    "isvisible": true,
    "kuid": "gf15db7b2def406495710f6e865ce2d5",
    "name": "kony.ui.Label",
    "parent": "CopyflxguestList0dcdc256208de4c",
    "pf": "frmEvents",
    "responsiveData": {
        "b1": {
            "skin": "s1ff478f67b34d2baa35fac20962d16c"
        },
        "b3": {
            "skin": "sb514207b06f4fb2a3aead09fed5a4cc"
        },
        "b3655060512": {}
    },
    "retaincontentalignment": false,
    "retainflexpositionproperties": false,
    "tooltip": "",
    "wType": "Label"
}