{
    "@class": "com.kony.gen.viz.model.component.KVizLabel",
    "DNDConfig": null,
    "_height_": {
        "type": "string",
        "value": "30%"
    },
    "_left_": {
        "type": "string",
        "value": "46.62%"
    },
    "_margin_": [
        1,
        1,
        1,
        1
    ],
    "_padding_": [
        0,
        0,
        0,
        0
    ],
    "_skin_": "sa77fbaa56a649f6bc9d12cdd84dd5e2",
    "_text_": "Add Guest",
    "_top_": {
        "type": "number",
        "value": "0"
    },
    "_width_": {
        "type": "ref",
        "value": "preferred"
    },
    "_wrapping_": 2,
    "android": {
        "textStyle": {
            "letterSpacing": 0,
            "strikeThrough": false
        }
    },
    "canUpdateUI": true,
    "centery": {
        "type": "string",
        "value": "86.67%"
    },
    "containerweight": 100,
    "contentalignment": 4,
    "id": "CopyLabel0f7cac8b8042d47",
    "info": null,
    "ipad": {
        "psp": {
            "wrapping": 2
        }
    },
    "iphone": {
        "psp": {
            "wrapping": 2
        }
    },
    "iscustomlayout": false,
    "isvisible": true,
    "kuid": "e5d4c5389b1547a2b717cd9bd7c5161d",
    "name": "kony.ui.Label",
    "parent": "CopyflxguestList0dcdc256208de4c",
    "pf": "frmEvents",
    "responsiveData": {
        "b1": {
            "skin": "sa65e5957b22444296e1c9c0d1aec55e"
        },
        "b3": {
            "skin": "sdb3309849644261a00dbd29e9b2e853"
        },
        "b3655060512": {}
    },
    "retaincontentalignment": false,
    "retainflexpositionproperties": false,
    "tooltip": "",
    "wType": "Label"
}