{
    "@class": "com.kony.gen.viz.model.component.KVizLabel",
    "DNDConfig": null,
    "_height_": {
        "type": "ref",
        "value": "preferred"
    },
    "_left_": {
        "type": "string",
        "value": "0"
    },
    "_margin_": [
        1,
        1,
        1,
        1
    ],
    "_padding_": [
        0,
        0,
        0,
        0
    ],
    "_skin_": "s62ca78ec9cb4143a4a1ef81c5ca4770",
    "_text_": "Event",
    "_width_": {
        "type": "string",
        "value": "50%"
    },
    "_wrapping_": 2,
    "android": {
        "textStyle": {
            "letterSpacing": 0,
            "strikeThrough": false
        }
    },
    "canUpdateUI": true,
    "centerx": {
        "type": "string",
        "value": "55%"
    },
    "centery": {
        "type": "string",
        "value": "30%"
    },
    "containerweight": 100,
    "contentalignment": 4,
    "id": "CopylblEvent0g367625557fb44",
    "info": null,
    "ipad": {
        "psp": {
            "wrapping": 2
        }
    },
    "iphone": {
        "psp": {
            "wrapping": 2
        }
    },
    "iscustomlayout": false,
    "isvisible": true,
    "kuid": "cf4d7e705c1c40e2bc3c3863d874a02b",
    "name": "kony.ui.Label",
    "parent": "CopyflxEvent0je83c99473e34e",
    "pf": "frmEvents",
    "responsiveData": {
        "b1": {
            "skin": "sefa3c465ee549baa8cf00ca89eb2bd0"
        },
        "b3": {
            "skin": "s9f5ab6011be40f7b23ad351dcbe421b"
        },
        "b3655060512": {}
    },
    "retaincontentalignment": false,
    "retainflexpositionproperties": false,
    "tooltip": "",
    "wType": "Label"
}