{
    "@class": "com.kony.gen.viz.model.component.KVizLabel",
    "DNDConfig": null,
    "_height_": {
        "type": "string",
        "value": "30%"
    },
    "_left_": {
        "type": "string",
        "value": "0dp"
    },
    "_margin_": [
        1,
        1,
        1,
        1
    ],
    "_padding_": [
        0,
        0,
        0,
        0
    ],
    "_skin_": "sfdc2bf39cc24407aa01038f3e8c62f9",
    "_text_": "Event Title",
    "_top_": {
        "type": "string",
        "value": "0dp"
    },
    "_width_": {
        "type": "string",
        "value": "20%"
    },
    "_wrapping_": 2,
    "android": {
        "textStyle": {
            "letterSpacing": 0,
            "strikeThrough": false
        }
    },
    "canUpdateUI": true,
    "centerx": {
        "type": "string",
        "value": "10%"
    },
    "containerweight": 100,
    "contentalignment": 4,
    "id": "CopylblEventTitle0f0474d14f11442",
    "info": null,
    "ipad": {
        "psp": {
            "wrapping": 2
        }
    },
    "iphone": {
        "psp": {
            "wrapping": 2
        }
    },
    "iscustomlayout": false,
    "isvisible": true,
    "kuid": "cd881336c3b94267a6b4f8fd3b5bc297",
    "name": "kony.ui.Label",
    "parent": "flxEventTitle",
    "pf": "frmEvents",
    "responsiveData": {
        "b1": {
            "centerX": {
                "type": "string",
                "value": "10%"
            },
            "skin": "s646b3b216344ff98e3f1457b8b1cf0e",
            "width": {
                "type": "string",
                "value": "70dp"
            }
        },
        "b3": {
            "centerX": {
                "type": "string",
                "value": "13%"
            },
            "skin": "sb02b45e432c4da79c0439a12733165c",
            "width": {
                "type": "string",
                "value": "25%"
            }
        },
        "b4": {
            "skin": "s8902780329a410da2b839be9d9e5620"
        },
        "b5": {
            "centerX": {
                "type": "string",
                "value": "25%"
            },
            "width": {
                "type": "string",
                "value": "50%"
            }
        }
    },
    "retaincontentalignment": false,
    "retainflexpositionproperties": false,
    "tooltip": "",
    "wType": "Label",
    "zindex": 1
}