{
    "DNDConfig": null,
    "_height_": {
        "type": "string",
        "value": "60%"
    },
    "_left_": {
        "type": "string",
        "value": "0dp"
    },
    "_margin_": [
        0,
        0,
        0,
        0
    ],
    "_orientation_": 6,
    "_padding_": [
        0,
        0,
        0,
        0
    ],
    "_percent_": true,
    "_skin_": "sb582c3b2c61466ea379548fd5d229e8",
    "_top_": {
        "type": "string",
        "value": "0dp"
    },
    "_width_": {
        "type": "string",
        "value": "80%"
    },
    "allboxes": [],
    "autogrowmode": 0,
    "canUpdateUI": true,
    "centery": {
        "type": "string",
        "value": "70%"
    },
    "children": [
        "Copytbxtime0c4ff3c34c1774a",
        "flxClock"
    ],
    "clipbounds": true,
    "containerweight": 100,
    "enablescrolling": true,
    "id": "CopyflxTime0jd8c342b6add4e",
    "info": null,
    "iscustomlayout": false,
    "isvisible": true,
    "kuid": "e563c6d577cc4044bc03364315d348ba",
    "layouttype": 2,
    "name": "kony.ui.FlexContainer",
    "parent": "flxTime",
    "pf": "frmEvents",
    "responsiveData": {
        "b5": {
            "width": {
                "type": "string",
                "value": "85%"
            }
        }
    },
    "retaincontentalignment": false,
    "retainflexpositionproperties": false,
    "retainflowhorizontalalignment": false,
    "snapgridsize": 10,
    "snaptogrid": true,
    "wType": "FlexContainer",
    "widgetalignment": 1
}