{
    "@class": "com.kony.gen.viz.model.component.KVizLabel",
    "DNDConfig": null,
    "_height_": {
        "type": "ref",
        "value": "preferred"
    },
    "_left_": {
        "type": "string",
        "value": "0"
    },
    "_margin_": [
        1,
        1,
        1,
        1
    ],
    "_padding_": [
        0,
        0,
        0,
        0
    ],
    "_skin_": "s136c2321241424fb46b7bb7877fd36f",
    "_text_": "Profile",
    "_width_": {
        "type": "string",
        "value": "50%"
    },
    "_wrapping_": 2,
    "android": {
        "textStyle": {
            "letterSpacing": 0,
            "strikeThrough": false
        }
    },
    "canUpdateUI": true,
    "centerx": {
        "type": "string",
        "value": "55%"
    },
    "centery": {
        "type": "string",
        "value": "55%"
    },
    "containerweight": 100,
    "contentalignment": 4,
    "id": "CopyLabel0e3da35b965b24e",
    "info": null,
    "ipad": {
        "psp": {
            "wrapping": 2
        }
    },
    "iphone": {
        "psp": {
            "wrapping": 2
        }
    },
    "iscustomlayout": false,
    "isvisible": true,
    "kuid": "a0162691ec154d77a6f8717aaabf4701",
    "name": "kony.ui.Label",
    "parent": "CopyflxProfile0a14fea54d6bc44",
    "pf": "frmEvents",
    "responsiveData": {
        "b1": {
            "skin": "s85a0072551e4c79bf2cd00cd2ecfe6b"
        },
        "b3": {
            "centerY": {
                "type": "string",
                "value": "50%"
            },
            "height": {
                "type": "string",
                "value": "90%"
            },
            "skin": "sb713ac264b94dc3bbe6296bb61b79d3"
        },
        "b3655060512": {
            "centerY": {
                "type": "string",
                "value": "50%"
            }
        }
    },
    "retaincontentalignment": false,
    "retainflexpositionproperties": false,
    "tooltip": "",
    "wType": "Label"
}