{
    "DNDConfig": null,
    "_height_": {
        "type": "string",
        "value": "60%"
    },
    "_left_": {
        "type": "number",
        "value": "0"
    },
    "_margin_": [
        0,
        0,
        0,
        0
    ],
    "_orientation_": 6,
    "_padding_": [
        0,
        0,
        0,
        0
    ],
    "_percent_": true,
    "_skin_": "sf3f97d7f95b4d17ad9482ef747a2ce2",
    "_top_": {
        "type": "string",
        "value": "0"
    },
    "_width_": {
        "type": "string",
        "value": "8%"
    },
    "allboxes": [],
    "autogrowmode": 0,
    "canUpdateUI": true,
    "centerx": {
        "type": "string",
        "value": "66.50%"
    },
    "centery": {
        "type": "string",
        "value": "50%"
    },
    "children": [
        "CopyImage0j9e66b8066f443"
    ],
    "clipbounds": false,
    "containerweight": 100,
    "enablescrolling": true,
    "id": "CopyFlexContainer0b83e3419e2d44a",
    "info": null,
    "iscustomlayout": false,
    "isvisible": true,
    "kuid": "a60d930855eb4075a1b7ea17e6c6e1bb",
    "layouttype": 2,
    "name": "kony.ui.FlexContainer",
    "parent": "flxSearch",
    "pf": "frmEvents",
    "retaincontentalignment": false,
    "retainflexpositionproperties": false,
    "retainflowhorizontalalignment": false,
    "snapgridsize": 10,
    "snaptogrid": true,
    "wType": "FlexContainer",
    "widgetalignment": 1
}