{
    "@class": "com.kony.gen.viz.model.component.KVizLabel",
    "DNDConfig": null,
    "_height_": {
        "type": "string",
        "value": "20%"
    },
    "_left_": {
        "type": "string",
        "value": "40%"
    },
    "_margin_": [
        0,
        0,
        0,
        0
    ],
    "_padding_": [
        0,
        0,
        0,
        0
    ],
    "_skin_": "s2aba08aad9946d48a8958fcb553c6e0",
    "_text_": "",
    "_top_": {
        "type": "string",
        "value": "0%"
    },
    "_width_": {
        "type": "ref",
        "value": "preferred"
    },
    "_wrapping_": 2,
    "android": {
        "textStyle": {
            "letterSpacing": 0,
            "strikeThrough": false
        }
    },
    "canUpdateUI": true,
    "centery": {
        "type": "string",
        "value": "84%"
    },
    "containerweight": 100,
    "contentalignment": 4,
    "id": "CopyCircleDark0cc17892822124c",
    "info": null,
    "ipad": {
        "psp": {
            "wrapping": 2
        }
    },
    "iphone": {
        "psp": {
            "wrapping": 2
        }
    },
    "isvisible": true,
    "kuid": "bc182ed8b9064626b2425bcd9fa040f5",
    "masterType": 1,
    "name": "kony.ui.Label",
    "parent": "CopyflxEvent0je83c99473e34e",
    "pf": "frmEvents",
    "responsiveData": {
        "b3655060512": {}
    },
    "tooltip": "",
    "wType": "Label",
    "zindex": 1
}