{
    "DNDConfig": null,
    "_height_": {
        "type": "string",
        "value": "80px"
    },
    "_left_": {
        "type": "string",
        "value": "0"
    },
    "_margin_": [
        0,
        0,
        0,
        0
    ],
    "_orientation_": 6,
    "_padding_": [
        0,
        0,
        0,
        0
    ],
    "_percent_": true,
    "_skin_": "sa436c64d87345a4bc4855f9b25de581",
    "_top_": {
        "type": "string",
        "value": "0"
    },
    "_width_": {
        "type": "string",
        "value": "100%"
    },
    "allboxes": [],
    "autogrowmode": 0,
    "canUpdateUI": true,
    "children": [
        "Copyimglogo0eae0cf9018224c"
    ],
    "clipbounds": false,
    "containerweight": 100,
    "enablescrolling": true,
    "id": "CopyflximgLogo0ea6ee6aff95344",
    "info": null,
    "iscustomlayout": false,
    "isvisible": true,
    "kuid": "f4049a50a6224360948e6fec28432744",
    "layouttype": 2,
    "name": "kony.ui.FlexContainer",
    "parent": "flxMenu",
    "pf": "frmEvents",
    "retaincontentalignment": false,
    "retainflexpositionproperties": false,
    "retainflowhorizontalalignment": false,
    "snapgridsize": 10,
    "snaptogrid": true,
    "wType": "FlexContainer",
    "widgetalignment": 1
}