{
    "@class": "com.kony.gen.viz.model.component.KVizLabel",
    "DNDConfig": null,
    "_height_": {
        "type": "ref",
        "value": "preferred"
    },
    "_left_": {
        "type": "string",
        "value": "0dp"
    },
    "_margin_": [
        1,
        1,
        1,
        1
    ],
    "_padding_": [
        0,
        0,
        0,
        0
    ],
    "_skin_": "sfdc2bf39cc24407aa01038f3e8c62f9",
    "_text_": "Location",
    "_top_": {
        "type": "string",
        "value": "0dp"
    },
    "_width_": {
        "type": "string",
        "value": "50%"
    },
    "_wrapping_": 2,
    "android": {
        "textStyle": {
            "letterSpacing": 0,
            "strikeThrough": false
        }
    },
    "canUpdateUI": true,
    "centerx": {
        "type": "number",
        "value": ""
    },
    "containerweight": 100,
    "contentalignment": 4,
    "id": "CopylblLocation0g7e7b190acb44e",
    "info": null,
    "ipad": {
        "psp": {
            "wrapping": 2
        }
    },
    "iphone": {
        "psp": {
            "wrapping": 2
        }
    },
    "iscustomlayout": false,
    "isvisible": true,
    "kuid": "abc47c3421f6432bb5de61fdcaab49f1",
    "name": "kony.ui.Label",
    "parent": "flxLocation",
    "pf": "frmEvents",
    "responsiveData": {
        "b1": {
            "centerX": {
                "type": "string",
                "value": "10%"
            },
            "skin": "s9b5406d76854929a3fc9c79d7504e56",
            "width": {
                "type": "string",
                "value": "19%"
            }
        },
        "b3": {
            "skin": "s1213fd4b45b475c8aedd1cde2bcb0e5"
        },
        "b4": {
            "skin": "s6faa565f1b440f690b634f55fee485e"
        }
    },
    "retaincontentalignment": false,
    "retainflexpositionproperties": false,
    "tooltip": "",
    "wType": "Label",
    "zindex": 1
}