{
    "@class": "com.kony.gen.viz.model.component.KVizTextBox2",
    "DNDConfig": null,
    "_bottom_": {
        "type": "number",
        "value": ""
    },
    "_height_": {
        "type": "string",
        "value": "45dp"
    },
    "_left_": {
        "type": "string",
        "value": "0dp"
    },
    "_margin_": [
        0,
        0,
        0,
        0
    ],
    "_padding_": [
        3,
        0,
        0,
        0
    ],
    "_placeholder_": "Location",
    "_skin_": "s1e77e9513964b7cb094dd4ba493c643",
    "_text_": "",
    "_top_": {
        "type": "string",
        "value": "30dp"
    },
    "_width_": {
        "type": "string",
        "value": "90%"
    },
    "autocapitalize": "none",
    "autocomplete": false,
    "autocorrect": false,
    "autofilter": false,
    "canUpdateUI": true,
    "containerheight": "",
    "containerheightmode": 1,
    "containerweight": 100,
    "contentalignment": 4,
    "desktopweb": {
        "placeholderSkin": "s17ca60629df4eb4b770df9f2b6e0e3a"
    },
    "disabledSkins": {},
    "focusskin": "sde1a3982e704577a79b11e9aadcef32",
    "id": "CopytbxLocation0i8fc0d3282b647",
    "info": null,
    "iscustomlayout": false,
    "isvisible": true,
    "keyboardtype": "A",
    "kuid": "b9460f17fc6741a1b11d7b1a7d368ca7",
    "mode": "A",
    "name": "kony.ui.TextBox2",
    "parent": "flxLocation",
    "pf": "frmEvents",
    "placeholderskin": "s17ca60629df4eb4b770df9f2b6e0e3a",
    "responsiveData": {
        "b1": {
            "desktopweb": {
                "placeholderSkin": "s3cccbecb6df4598b48b960888955528"
            },
            "height": {
                "type": "string",
                "value": "35dp"
            },
            "placeholderSkin": "s17ca60629df4eb4b770df9f2b6e0e3a",
            "skin": "sec3aa5294394f61b8e507c9d3ad8ef0",
            "top": {
                "type": "string",
                "value": "25dp"
            }
        },
        "b3": {
            "skin": "s73b4161173b41ad98fce9f40a3d618f"
        },
        "b4": {
            "bottom": {
                "type": "string",
                "value": "0dp"
            },
            "desktopweb": {
                "placeholderSkin": "s9db5a5eaedf44e58cfbfab545265bdf"
            },
            "left": {
                "type": "string",
                "value": "0dp"
            },
            "placeholderSkin": "s17ca60629df4eb4b770df9f2b6e0e3a",
            "skin": "saeab5d2b0fa4672906dee1bde0c84fe",
            "top": {
                "type": "number",
                "value": "17"
            }
        }
    },
    "retaincontentalignment": false,
    "retainflexpositionproperties": false,
    "securetextentry": false,
    "textinputmode": "A",
    "tooltip": "",
    "viewtype": "default",
    "wType": "TextField",
    "zindex": 1
}