{
    "@class": "com.kony.gen.viz.model.component.KVizLabel",
    "DNDConfig": null,
    "_height_": {
        "type": "ref",
        "value": "preferred"
    },
    "_left_": {
        "type": "string",
        "value": "0"
    },
    "_margin_": [
        1,
        1,
        1,
        1
    ],
    "_padding_": [
        0,
        0,
        0,
        0
    ],
    "_skin_": "s5302321630147b1af725746e8268221",
    "_text_": "Hotel Booking",
    "_width_": {
        "type": "string",
        "value": "50%"
    },
    "_wrapping_": 2,
    "android": {
        "textStyle": {
            "letterSpacing": 0,
            "strikeThrough": false
        }
    },
    "canUpdateUI": true,
    "centerx": {
        "type": "string",
        "value": "55%"
    },
    "centery": {
        "type": "string",
        "value": "60%"
    },
    "containerweight": 100,
    "contentalignment": 4,
    "id": "CopyLabel0cd45ce07854c42",
    "info": null,
    "ipad": {
        "psp": {
            "wrapping": 2
        }
    },
    "iphone": {
        "psp": {
            "wrapping": 2
        }
    },
    "iscustomlayout": false,
    "isvisible": true,
    "kuid": "ed17d83b6dd048e29b6a009d8e7d446e",
    "name": "kony.ui.Label",
    "parent": "CopyflxHotelBooking0fa70a961f0ee4e",
    "pf": "frmEvents",
    "responsiveData": {
        "b1": {
            "skin": "sd0b7a02746a46c4a606440d5379e52f"
        },
        "b3": {
            "centerY": {
                "type": "string",
                "value": "50%"
            },
            "height": {
                "type": "string",
                "value": "90%"
            },
            "skin": "s54cb250016e44c4ab58b8435852baf1"
        },
        "b3655060512": {
            "centerY": {
                "type": "string",
                "value": "50%"
            }
        },
        "b5": {
            "width": {
                "type": "string",
                "value": "60%"
            }
        }
    },
    "retaincontentalignment": false,
    "retainflexpositionproperties": false,
    "tooltip": "",
    "wType": "Label"
}