{
    "@class": "com.kony.gen.viz.model.component.KVizLabel",
    "DNDConfig": null,
    "_height_": {
        "type": "ref",
        "value": "preferred"
    },
    "_left_": {
        "type": "string",
        "value": "10%"
    },
    "_margin_": [
        1,
        1,
        1,
        1
    ],
    "_padding_": [
        0,
        0,
        0,
        0
    ],
    "_skin_": "s7c30de183da490ca464c961408d74ed",
    "_text_": "Events",
    "_top_": {
        "type": "string",
        "value": "30dp"
    },
    "_width_": {
        "type": "ref",
        "value": "preferred"
    },
    "_wrapping_": 2,
    "android": {
        "textStyle": {
            "letterSpacing": 0,
            "strikeThrough": false
        }
    },
    "canUpdateUI": true,
    "containerweight": 100,
    "contentalignment": 4,
    "id": "CopylblEvents0e2dbfeb1582e44",
    "info": null,
    "ipad": {
        "psp": {
            "wrapping": 2
        }
    },
    "iphone": {
        "psp": {
            "wrapping": 2
        }
    },
    "iscustomlayout": false,
    "isvisible": true,
    "kuid": "he8f00d2264349a6bfea77d3da376abd",
    "name": "kony.ui.Label",
    "parent": "flxPageEvents",
    "pf": "frmEvents",
    "responsiveData": {
        "b1": {
            "skin": "sb20be3cd01f4d45a8a0a40a983da204",
            "top": {
                "type": "string",
                "value": "26dp"
            }
        },
        "b2": {
            "skin": "s6173a3e66924a808feceae7d0526dfa"
        },
        "b3": {
            "left": {
                "type": "string",
                "value": "0%"
            },
            "skin": "sbdb5953e0144c0aa0c4aefd3f2e03e7",
            "top": {
                "type": "string",
                "value": "25dp"
            }
        },
        "b3655060512": {
            "skin": "s9f0a25ca82f422b9e59c4d9a9f324fd"
        },
        "b4": {
            "left": {
                "type": "string",
                "value": "0dp"
            },
            "skin": "s099d3ee9b704cad81a2e37b301070a0"
        }
    },
    "retaincontentalignment": false,
    "retainflexpositionproperties": false,
    "tooltip": "",
    "wType": "Label",
    "zindex": 1
}