{
    "@class": "com.kony.gen.viz.model.component.KVizTextBox2",
    "DNDConfig": null,
    "_height_": {
        "type": "string",
        "value": "80%"
    },
    "_left_": {
        "type": "string",
        "value": "0"
    },
    "_margin_": [
        0,
        0,
        0,
        0
    ],
    "_padding_": [
        3,
        0,
        0,
        0
    ],
    "_placeholder_": "search..",
    "_skin_": "s9ed61bfcabc4bc983515ef47928eef4",
    "_text_": "",
    "_top_": {
        "type": "string",
        "value": "0"
    },
    "_width_": {
        "type": "string",
        "value": "60%"
    },
    "autocapitalize": "none",
    "autocomplete": false,
    "autocorrect": false,
    "autofilter": false,
    "canUpdateUI": true,
    "centerx": {
        "type": "string",
        "value": "60%"
    },
    "centery": {
        "type": "string",
        "value": "45%"
    },
    "containerheight": "",
    "containerheightmode": 1,
    "containerweight": 100,
    "contentalignment": 4,
    "desktopweb": {
        "placeholderSkin": "see529729c3a4e6b827bc9218f031597"
    },
    "disabledSkins": {},
    "focusskin": "sf8a9e40dc9740b0959dccf7e10b8ec0",
    "id": "CopytxtSearch0bd98a0b8036b4a",
    "info": null,
    "iscustomlayout": false,
    "isvisible": true,
    "keyboardtype": "A",
    "kuid": "ba55baed7aa74bf288d0b222ccb8ef1f",
    "mode": "A",
    "name": "kony.ui.TextBox2",
    "parent": "CopyflxSearchBox0a46d931df2454a",
    "pf": "frmEvents",
    "placeholderskin": "see529729c3a4e6b827bc9218f031597",
    "responsiveData": {
        "b1": {
            "centerY": {
                "type": "string",
                "value": "50%"
            },
            "desktopweb": {
                "placeholderSkin": "s523780c4ad54f558bc30fa5b66749a0"
            },
            "height": {
                "type": "string",
                "value": "100%"
            },
            "placeholderSkin": "see529729c3a4e6b827bc9218f031597",
            "skin": "s1c6b7bc266d4c66b5433e6212148571"
        },
        "b3": {
            "centerY": {
                "type": "string",
                "value": "35%"
            },
            "contentAlignment": 4
        },
        "b4": {
            "centerY": {
                "type": "string",
                "value": "35%"
            },
            "desktopweb": {
                "placeholderSkin": "sb965dab31e843b4b69df10c97e17b8d"
            },
            "height": {
                "type": "string",
                "value": "100%"
            },
            "placeholderSkin": "see529729c3a4e6b827bc9218f031597"
        }
    },
    "retaincontentalignment": false,
    "retainflexpositionproperties": false,
    "securetextentry": false,
    "textinputmode": "A",
    "tooltip": "",
    "viewtype": "default",
    "wType": "TextField"
}