{
    "@class": "com.kony.gen.viz.model.component.KVizLabel",
    "DNDConfig": null,
    "_height_": {
        "type": "ref",
        "value": "preferred"
    },
    "_left_": {
        "type": "string",
        "value": "12%"
    },
    "_margin_": [
        0,
        0,
        0,
        0
    ],
    "_padding_": [
        0,
        0,
        0,
        0
    ],
    "_skin_": "s656db9b28be46c59f6db582ec28e58d",
    "_text_": "",
    "_top_": {
        "type": "string",
        "value": "10dp"
    },
    "_width_": {
        "type": "ref",
        "value": "preferred"
    },
    "_wrapping_": 2,
    "android": {
        "textStyle": {
            "letterSpacing": 0,
            "strikeThrough": false
        }
    },
    "canUpdateUI": true,
    "centery": {
        "type": "number",
        "value": ""
    },
    "containerweight": 100,
    "contentalignment": 4,
    "desktopweb": {
        "psp": {}
    },
    "disabledSkins": {},
    "id": "CopyBuildingDark0c755137fd87044",
    "info": null,
    "ipad": {
        "psp": {
            "wrapping": 2
        }
    },
    "iphone": {
        "psp": {
            "wrapping": 2
        }
    },
    "isvisible": true,
    "kuid": "a38f4e3e838247c8afd0884f8754d405",
    "masterType": 1,
    "name": "kony.ui.Label",
    "parent": "CopyflxHotelBooking0fa70a961f0ee4e",
    "pf": "frmEvents",
    "responsiveData": {
        "b3": {
            "centerY": {
                "type": "string",
                "value": "50%"
            }
        },
        "b3655060512": {
            "centerY": {
                "type": "string",
                "value": "50%"
            }
        }
    },
    "tooltip": "",
    "wType": "Label",
    "zindex": 1
}