{
    "DNDConfig": null,
    "_height_": {
        "type": "string",
        "value": "75%"
    },
    "_left_": {
        "type": "number",
        "value": "0"
    },
    "_margin_": [
        0,
        0,
        0,
        0
    ],
    "_orientation_": 6,
    "_padding_": [
        0,
        0,
        0,
        0
    ],
    "_percent_": true,
    "_skin_": "s9a83f0af5b74acfb50a85d5867c583b",
    "_top_": {
        "type": "string",
        "value": "0"
    },
    "_width_": {
        "type": "string",
        "value": "10%"
    },
    "allboxes": [],
    "autogrowmode": 0,
    "canUpdateUI": true,
    "centerx": {
        "type": "string",
        "value": "92%"
    },
    "centery": {
        "type": "string",
        "value": "50%"
    },
    "children": [
        "CopyImage0ha0cbee3552a41"
    ],
    "clipbounds": true,
    "containerweight": 100,
    "enablescrolling": true,
    "id": "CopyFlexContainer0feafbe05b11346",
    "info": null,
    "iscustomlayout": false,
    "isvisible": true,
    "kuid": "bd8eac697b8d48e39a395db559193bfa",
    "layouttype": 2,
    "name": "kony.ui.FlexContainer",
    "parent": "flxSearch",
    "pf": "frmEvents",
    "retaincontentalignment": false,
    "retainflexpositionproperties": false,
    "retainflowhorizontalalignment": false,
    "snapgridsize": 10,
    "snaptogrid": true,
    "wType": "FlexContainer",
    "widgetalignment": 1
}