{
    "DNDConfig": null,
    "_height_": {
        "type": "string",
        "value": "18.50%"
    },
    "_left_": {
        "type": "string",
        "value": "0dp"
    },
    "_margin_": [
        0,
        0,
        0,
        0
    ],
    "_orientation_": 6,
    "_padding_": [
        0,
        0,
        0,
        0
    ],
    "_percent_": true,
    "_skin_": "s273c707edaf48b398888c020337a7c8",
    "_top_": {
        "type": "string",
        "value": "40dp"
    },
    "_width_": {
        "type": "string",
        "value": "100%"
    },
    "allboxes": [],
    "canUpdateUI": true,
    "centerx": {
        "type": "string",
        "value": "50.00%"
    },
    "children": [
        "CopyLabel0d6b7d766599645",
        "CopyCircleDark0a473611c98a943",
        "CopyLabel0f7cac8b8042d47",
        "CopyUser0e47f4561eb4c4a"
    ],
    "clipbounds": false,
    "containerweight": 100,
    "enablescrolling": true,
    "id": "CopyflxguestList0dcdc256208de4c",
    "ide_onClick": "AS_FlexContainer_i4f4795759994286bdf5b451a329b6e3",
    "info": null,
    "iscustomlayout": false,
    "isvisible": true,
    "kuid": "b7d42e50acf5438ba034a2551511e01d",
    "layouttype": 2,
    "name": "kony.ui.FlexContainer",
    "parent": "CopyflxMenuList0cc3598be1f104b",
    "pf": "frmEvents",
    "responsiveData": {
        "b1": {
            "centerX": {
                "type": "string",
                "value": "50.00%"
            },
            "skin": "s9a402f5ffa44f9bbe974687d8048400",
            "top": {
                "type": "string",
                "value": "50dp"
            }
        },
        "b3": {
            "skin": "sf8d96bde75a4a959072fecbdc52adbb",
            "top": {
                "type": "string",
                "value": "50dp"
            }
        },
        "b3655060512": {
            "centerX": {
                "type": "string",
                "value": "49.96%"
            },
            "height": {
                "type": "string",
                "value": "18%"
            },
            "top": {
                "type": "string",
                "value": "55dp"
            }
        }
    },
    "retaincontentalignment": false,
    "retainflexpositionproperties": false,
    "retainflowhorizontalalignment": false,
    "snapgridsize": 10,
    "snaptogrid": true,
    "wType": "FlexContainer",
    "widgetalignment": 1
}