{
    "@class": "com.kony.gen.viz.model.component.KVizUserWidget",
    "DNDConfig": null,
    "_children_": [],
    "_height_": {
        "type": "string",
        "value": "640dp"
    },
    "_left_": {
        "type": "string",
        "value": "0"
    },
    "_margin_": [
        0,
        0,
        0,
        0
    ],
    "_orientation_": 1,
    "_padding_": [
        0,
        0,
        0,
        0
    ],
    "_percent_": true,
    "_skin_": "s71129ee6eb14bf5b3fd5ea6d5a83c92",
    "_top_": {
        "type": "string",
        "value": "0"
    },
    "_width_": {
        "type": "string",
        "value": "200dp"
    },
    "areflexpropsreferenced": false,
    "canUpdateUI": true,
    "clipbounds": false,
    "containerweight": 0,
    "dataDiffs": {
        "CopyFlexContainer0j1e94719e19f40": {
            "__events__": {},
            "__info__": {
                "kuid": "df3cfb719a1047e1b7e27b48b80183c8",
                "srcKUID": "e2c5b23e7f2b4006841fbb95121acd69",
                "wType": "FlexContainer"
            }
        },
        "CopyImage0d9bba22f7bc242": {
            "__events__": {},
            "__info__": {
                "kuid": "a5e4f455c8ff4ee3b0e30e7fccf14bb0",
                "srcKUID": "g841a82b712c42479553236a4ba51705",
                "wType": "Image"
            }
        },
        "CopyLabel0aa5907ffd34440": {
            "__events__": {},
            "__info__": {
                "kuid": "f8183a54e81c4bb0b844ada6c63a60f6",
                "srcKUID": "j5c752c223174b539f9ab878f18d42f8",
                "wType": "Label"
            },
            "responsiveData": {
                "b1": {},
                "b2": {},
                "b3": {}
            }
        },
        "CopyLabel0e3c88c6973e540": {
            "__events__": {},
            "__info__": {
                "kuid": "ac9f38fd01874f3f9df7c72510db3e66",
                "srcKUID": "fd7a27022a5545998a4d7184e2a02c82",
                "wType": "Label"
            },
            "responsiveData": {
                "b1": {},
                "b2": {},
                "b3": {}
            }
        },
        "CopyLabel0f274cc3e8c7b47": {
            "__events__": {},
            "__info__": {
                "kuid": "h11e5d5ea8814d9fa3bc08baf3292739",
                "srcKUID": "df213d6247714dda88d8068d43888717",
                "wType": "Label"
            },
            "responsiveData": {
                "b1": {},
                "b2": {},
                "b3": {}
            }
        },
        "CopyLabel0f56312b7d33146": {
            "__events__": {},
            "__info__": {
                "kuid": "jdcbca4986d74dc0810de50cfa4b8556",
                "srcKUID": "i0d3da5a4ec742479ba3d984f836e0a6",
                "wType": "Label"
            }
        },
        "CopyLabel0fa12692a4b6249": {
            "__events__": {},
            "__info__": {
                "kuid": "d00d8c3961474f27bdadd8c12ce1c6be",
                "srcKUID": "d6e8c5a51d464ac4af0d9bd32f23ec01",
                "wType": "Label"
            },
            "responsiveData": {
                "b1": {},
                "b2": {},
                "b3": {}
            }
        },
        "CopyLabel0fbdc31ee316a46": {
            "__events__": {},
            "__info__": {
                "kuid": "ief46fe9e546409ab65951e52d6f8e30",
                "srcKUID": "d03133375a674a98a961e36ca89a5d66",
                "wType": "Label"
            },
            "responsiveData": {
                "b1": {},
                "b2": {
                    "width": {
                        "type": "string",
                        "value": "60%"
                    }
                },
                "b3": {}
            }
        },
        "CopyLabel0g763ca1b3c3042": {
            "__events__": {},
            "__info__": {
                "kuid": "f3bf0fd3ac21484d94a7d6df878565a0",
                "srcKUID": "dcc9e65ff0464222adf2d322a1768b57",
                "wType": "Label"
            }
        },
        "CopyflxCircle0h4eb5316bb1444": {
            "__events__": {},
            "__info__": {
                "kuid": "d123dd9bd8dd4697b9267d62fbbdcb08",
                "srcKUID": "j90f8fb683144d4fbf8ef443b06c2cea",
                "wType": "FlexContainer"
            }
        },
        "CopyflxCreateVisitors0a4a96864952042": {
            "__events__": {},
            "__info__": {
                "kuid": "a3daa689bb8d4a1395932b58489be74a",
                "srcKUID": "jd4fdbd8244c4747afd4d8d05f84ce75",
                "wType": "FlexContainer"
            },
            "responsiveData": {
                "b1": {},
                "b2": {},
                "b3": {}
            }
        },
        "CopyflxDAshboard0b0675ce33fe742": {
            "__events__": {},
            "__info__": {
                "kuid": "bfd3539613ed47929528b03d969340d2",
                "srcKUID": "cb2bee76da0d4974bfbffe7e202c5c96",
                "wType": "FlexContainer"
            },
            "responsiveData": {
                "b1": {},
                "b2": {},
                "b3": {}
            }
        },
        "CopyflxEvent0b4cfc15bbaf040": {
            "__events__": {},
            "__info__": {
                "kuid": "a98831ce70e945a3b44d490f11685e1c",
                "srcKUID": "fc4f7e3be5e8445eba5c7073f6efa746",
                "wType": "FlexContainer"
            },
            "responsiveData": {
                "b1": {},
                "b2": {},
                "b3": {}
            }
        },
        "CopyflxFlightBooking0d33bf0f113be4d": {
            "__events__": {},
            "__info__": {
                "kuid": "bd23be29965c41f5a2a4d905076565a4",
                "srcKUID": "f6049b3a758f443e8e5d4525dead8806",
                "wType": "FlexContainer"
            }
        },
        "CopyflxFlightBooking0eebaaebe72954b": {
            "__events__": {},
            "__info__": {
                "kuid": "f944d1a435f941d392294e08e6fa4b3f",
                "srcKUID": "fe1a963d4f0c4ec4a525f1756e41a86c",
                "wType": "FlexContainer"
            },
            "responsiveData": {
                "b1": {},
                "b2": {},
                "b3": {}
            }
        },
        "CopyflxHotelBooking0e3be977e75274d": {
            "__events__": {},
            "__info__": {
                "kuid": "h1c5240bd8024fc28f7966cb9b3659fb",
                "srcKUID": "c176c605c5094d938da103c40128116a",
                "wType": "FlexContainer"
            },
            "responsiveData": {
                "b1": {},
                "b2": {},
                "b3": {}
            }
        },
        "CopyflxLogout0d5021e088a6f43": {
            "__events__": {},
            "__info__": {
                "kuid": "je1d18075a774fe992b2f393f591e9fa",
                "srcKUID": "a01f38ff4d3e4683b643872145703819",
                "wType": "FlexContainer"
            },
            "responsiveData": {
                "b1": {},
                "b4": {}
            }
        },
        "CopyflxMenuList0c5d7a9978f2f49": {
            "__events__": {},
            "__info__": {
                "kuid": "iede932869d9458896f8a9ddc4823d8c",
                "srcKUID": "bc5c5694c55941eb8e4c60ead1ea8eb8",
                "wType": "FlexContainer"
            },
            "responsiveData": {
                "b1": {},
                "b3": {}
            }
        },
        "CopyflxProfile0e8438150aa744a": {
            "__events__": {},
            "__info__": {
                "kuid": "cc24c3e5574a42a29ff8917eb28cc82b",
                "srcKUID": "d5a13235c43d4639a3fcff599bf23311",
                "wType": "FlexContainer"
            },
            "responsiveData": {
                "b1": {},
                "b2": {
                    "skin": "s48a182d5647486682d599b0d5fa5a36"
                },
                "b3": {}
            }
        },
        "CopyflxguestList0h32c408009a74e": {
            "__events__": {},
            "__info__": {
                "kuid": "a7fe1b41f66948c89d2eb9a55dcc3c43",
                "srcKUID": "b7451ee6cd974f939e2890104138043f",
                "wType": "FlexContainer"
            },
            "responsiveData": {
                "b1": {
                    "centerX": {
                        "type": "string",
                        "value": "50.00%"
                    }
                },
                "b2": {
                    "centerX": {
                        "type": "string",
                        "value": "50%"
                    }
                },
                "b3": {
                    "centerX": {
                        "type": "string",
                        "value": "49.96%"
                    }
                }
            }
        },
        "CopyflximgLogo0if051cf4ba214f": {
            "__events__": {},
            "__info__": {
                "kuid": "f49dc0a087734b9d82b26a1b9fc65175",
                "srcKUID": "c782c3a94cee44feafcf951e88827fd9",
                "wType": "FlexContainer"
            }
        },
        "CopyimgHome0bb108b3257b446": {
            "__events__": {},
            "__info__": {
                "kuid": "e3dec55a56d24cf7867f6e4c55e93bfd",
                "srcKUID": "bcad334f9d3a4a59aabc25ca5e098af2",
                "wType": "Image"
            }
        },
        "CopyimgHome0ceb5544e154a41": {
            "__events__": {},
            "__info__": {
                "kuid": "c303b8f3f1074f73bac1b7834ce36df1",
                "srcKUID": "ee292a0f2d3942deb553efead5b86838",
                "wType": "Image"
            }
        },
        "CopyimgHome0e8b92e0fde214a": {
            "__events__": {},
            "__info__": {
                "kuid": "j8603af4341a42408687a343ce431416",
                "srcKUID": "d739667c21534d82bb404d549e028775",
                "wType": "Image"
            }
        },
        "CopyimgHome0f2a50767e55345": {
            "__events__": {},
            "__info__": {
                "kuid": "cee64e432c154926971e38eca9267eab",
                "srcKUID": "d1d5e04d61404bce910841314a19e34d",
                "wType": "Image"
            }
        },
        "CopyimgHome0j7c3ff9023f048": {
            "__events__": {},
            "__info__": {
                "kuid": "ae7510eab436440ea3a71365189446aa",
                "srcKUID": "hc0d26e59b4e4b238932e9ee73746197",
                "wType": "Image"
            }
        },
        "Copyimglogo0b7898c2168d24c": {
            "__events__": {},
            "__info__": {
                "kuid": "ac48f573eded48c585c80519cebbae32",
                "srcKUID": "c7c607b43d6543b9b2c356120481c30d",
                "wType": "Image"
            }
        },
        "CopylblAddEvent0c599afd977bc47": {
            "__events__": {},
            "__info__": {
                "kuid": "e73c1b0acdaf47dd90bcd42fed6b0b09",
                "srcKUID": "af77a5920d5d42acb8b7d379a9c32dab",
                "wType": "Label"
            },
            "responsiveData": {
                "b1": {},
                "b2": {},
                "b3": {}
            }
        },
        "CopylblEvent0e015a77dfebc4c": {
            "__events__": {},
            "__info__": {
                "kuid": "bde54a38fa99498996a8c835aadd8ab9",
                "srcKUID": "ef50748145b049dbaf614bed3be695b4",
                "wType": "Label"
            },
            "responsiveData": {
                "b1": {},
                "b2": {},
                "b3": {}
            }
        },
        "CopylblFlightBooking0jf78a1e7f9c74c": {
            "__events__": {},
            "__info__": {
                "kuid": "ja46121bd2a14ac69a0976f19595dc2e",
                "srcKUID": "a6a23886d732424783f9d6b5ed3b31ec",
                "wType": "Label"
            },
            "responsiveData": {
                "b1": {},
                "b2": {
                    "width": {
                        "type": "string",
                        "value": "60%"
                    }
                },
                "b3": {}
            }
        },
        "FlexContainer0j37c0ecf03594e": {
            "__events__": {},
            "__info__": {
                "kuid": "e1105aae15dd4c86a38c84cc734f01d0",
                "srcKUID": "c01eb1c57bff498282d6b46e083b9462",
                "wType": "FlexContainer"
            }
        },
        "device1024": {
            "__events__": {},
            "__info__": {
                "isRoot": true,
                "kuid": "i0fdf226168f423486cee97bd01f585b",
                "srcKUID": "e95efd5eddda4d7db6127dcde46acd71",
                "wType": "FlexContainer"
            },
            "responsiveData": {
                "b1": {
                    "isVisible": true,
                    "zIndex": 2
                },
                "b2": {
                    "isVisible": null,
                    "left": {
                        "type": "string",
                        "value": "0dp"
                    },
                    "top": {
                        "type": "string",
                        "value": "110dp"
                    },
                    "zIndex": 2
                },
                "b3": {
                    "isVisible": null,
                    "left": {
                        "type": "string",
                        "value": "-10dp"
                    },
                    "top": {
                        "type": "string",
                        "value": "100dp"
                    }
                },
                "b3655060512": {
                    "isVisible": null,
                    "left": {
                        "type": "string",
                        "value": "-10dp"
                    },
                    "top": {
                        "type": "string",
                        "value": "100dp"
                    }
                },
                "b4": {
                    "isVisible": null,
                    "left": {
                        "type": "string",
                        "value": "0dp"
                    },
                    "top": {
                        "type": "string",
                        "value": "0dp"
                    }
                },
                "b5": {}
            }
        },
        "flxCircle": {
            "__events__": {},
            "__info__": {
                "kuid": "f744b91113eb4e2396b57628764c9e69",
                "srcKUID": "a75fea3de9d04d16ab72c9acf66d39cf",
                "wType": "FlexContainer"
            }
        },
        "flxFlightBooking": {
            "__events__": {},
            "__info__": {
                "kuid": "fae5309cb59b4571a125620a1bec3ead",
                "srcKUID": "b3bbb001f33446ba8be8556815f2f067",
                "wType": "FlexContainer"
            }
        },
        "flxGraph": {
            "__events__": {},
            "__info__": {
                "kuid": "c2fdcef9932145aca7bec13797bdae3e",
                "srcKUID": "d3a1b3139c634605920ab8d92a186355",
                "wType": "FlexContainer"
            }
        },
        "flxHotelBooking": {
            "__events__": {},
            "__info__": {
                "kuid": "d842ef44219c4995b257e1c16f4b99ed",
                "srcKUID": "i6f567e91bfd4734b853d7d80a4ffd9c",
                "wType": "FlexContainer"
            }
        },
        "flxUserIcon": {
            "__events__": {},
            "__info__": {
                "kuid": "bbfd3e5f8ad94fedb6a2168dbffcb20d",
                "srcKUID": "i6d05597b58e4cf1a4672ad8ab3cd447",
                "wType": "FlexContainer"
            }
        },
        "imgHome": {
            "__events__": {},
            "__info__": {
                "kuid": "f2c2a4c2f42646a4954b3cebc5277829",
                "srcKUID": "i319ba405050490db6e9155034592a8a",
                "wType": "Image"
            }
        },
        "imgPlus": {
            "__events__": {},
            "__info__": {
                "kuid": "ce523a256a224b879b93fe9b8f1a7c52",
                "srcKUID": "c69204e9dbe74f7b9ad1ffac2de077ad",
                "wType": "Image"
            }
        }
    },
    "enablescrolling": true,
    "id": "device1024",
    "info": null,
    "iscustomlayout": false,
    "isdatareferenced": false,
    "isvisible": true,
    "kuid": "i0fdf226168f423486cee97bd01f585b",
    "layouttype": 2,
    "masterType": 0,
    "name": "kony.ui.UserWidgetInstance",
    "parent": "flxMain",
    "pf": "frmEvents",
    "retaincontentalignment": false,
    "retainflexpositionproperties": false,
    "retainflowhorizontalalignment": false,
    "snapgridsize": 10,
    "snaptogrid": true,
    "sourceUserWidget": "e95efd5eddda4d7db6127dcde46acd71",
    "wType": "UserWidgetInstance"
}