{
    "DNDConfig": null,
    "_height_": {
        "type": "string",
        "value": "80%"
    },
    "_left_": {
        "type": "string",
        "value": "0dp"
    },
    "_margin_": [
        0,
        0,
        0,
        0
    ],
    "_orientation_": 6,
    "_padding_": [
        0,
        0,
        0,
        0
    ],
    "_percent_": true,
    "_skin_": "sabd3375c01446be94444119bf204451",
    "_top_": {
        "type": "string",
        "value": "120dp"
    },
    "_width_": {
        "type": "string",
        "value": "100%"
    },
    "allboxes": [],
    "allowhorizontalbounce": false,
    "allowverticalbounce": true,
    "bounces": true,
    "canUpdateUI": true,
    "centerx": {
        "type": "number",
        "value": ""
    },
    "children": [
        "flxCreateEvent",
        "flxListEvents"
    ],
    "clipbounds": false,
    "containerweight": 100,
    "decelerat": false,
    "dragg": false,
    "enablescrolling": true,
    "horizontalscrollindicator": true,
    "id": "flxBody",
    "info": null,
    "iscustomlayout": false,
    "isvisible": true,
    "kuid": "d3958aff374d4545905a2d4f2f1b23d3",
    "layouttype": 2,
    "name": "kony.ui.FlexScrollContainer",
    "pagingenabled": false,
    "parent": "flxMainBody",
    "pf": "frmEvents",
    "responsiveData": {
        "b1": {
            "height": {
                "type": "string",
                "value": "555dp"
            },
            "skin": "sb6f7545af2d458280be631f3d52584f",
            "top": {
                "type": "string",
                "value": "85dp"
            },
            "width": {
                "type": "string",
                "value": "100%"
            }
        },
        "b2": {
            "centerX": {
                "type": "string",
                "value": "50%"
            },
            "height": {
                "type": "string",
                "value": "100%"
            },
            "layoutType": 4,
            "left": {
                "type": "string",
                "value": "0dp"
            },
            "top": {
                "type": "string",
                "value": "120dp"
            },
            "width": {
                "type": "string",
                "value": "600dp"
            },
            "zIndex": 1
        },
        "b3": {
            "left": {
                "type": "string",
                "value": "0dp"
            },
            "top": {
                "type": "string",
                "value": "90dp"
            }
        },
        "b3655060512": {
            "centerX": {
                "type": "string",
                "value": "50%"
            },
            "height": {
                "type": "string",
                "value": "100%"
            },
            "width": {
                "type": "string",
                "value": "90%"
            }
        },
        "b4": {
            "height": {
                "type": "string",
                "value": "540dp"
            },
            "skin": "s5f3b52d476246a08a4ce54646a40916",
            "top": {
                "type": "string",
                "value": "80dp"
            }
        },
        "b5": {
            "width": {
                "type": "string",
                "value": "97%"
            }
        }
    },
    "retaincontentalignment": false,
    "retainflexpositionproperties": false,
    "retainflowhorizontalalignment": false,
    "scrolldirection": 2,
    "snapgridsize": 10,
    "snaptogrid": true,
    "track": false,
    "verticalscrollindicator": true,
    "wType": "FlexScrollContainer",
    "widgetalignment": 1
}