{
    "DNDConfig": null,
    "_height_": {
        "type": "string",
        "value": "80%"
    },
    "_left_": {
        "type": "string",
        "value": "0"
    },
    "_margin_": [
        0,
        0,
        0,
        0
    ],
    "_orientation_": 6,
    "_padding_": [
        0,
        0,
        0,
        0
    ],
    "_percent_": true,
    "_skin_": "scc4dd8ff5ad477b94f352de8526df46",
    "_top_": {
        "type": "string",
        "value": "0"
    },
    "_width_": {
        "type": "string",
        "value": "95%"
    },
    "allboxes": [],
    "canUpdateUI": true,
    "centerx": {
        "type": "string",
        "value": "50%"
    },
    "centery": {
        "type": "string",
        "value": "50%"
    },
    "children": [
        "flxEventTitle",
        "flxDescContainer",
        "flxDateTime",
        "flxLocation",
        "flxEventType",
        "organizerInfo",
        "btnCreate"
    ],
    "clipbounds": false,
    "containerweight": 100,
    "enablescrolling": true,
    "id": "flxCreateEventBody",
    "info": null,
    "iscustomlayout": false,
    "isvisible": true,
    "kuid": "e8390c046c8745c98fc6743cd462cee5",
    "layouttype": 2,
    "name": "kony.ui.FlexContainer",
    "parent": "flxCreateEvent",
    "pf": "frmEvents",
    "responsiveData": {
        "b1": {
            "centerY": {
                "type": "string",
                "value": "51%"
            }
        },
        "b2": {},
        "b3655060512": {
            "centerX": {
                "type": "string",
                "value": "50%"
            },
            "centerY": {
                "type": "string",
                "value": "57.78%"
            },
            "height": {
                "type": "string",
                "value": "100%"
            }
        },
        "b4": {
            "centerY": {
                "type": "string",
                "value": "54%"
            },
            "height": {
                "type": "string",
                "value": "470dp"
            }
        }
    },
    "retaincontentalignment": false,
    "retainflexpositionproperties": false,
    "retainflowhorizontalalignment": false,
    "snapgridsize": 10,
    "snaptogrid": true,
    "wType": "FlexContainer",
    "widgetalignment": 1
}