{
    "DNDConfig": null,
    "_height_": {
        "type": "string",
        "value": "100%"
    },
    "_left_": {
        "type": "string",
        "value": "3.31%"
    },
    "_margin_": [
        0,
        0,
        0,
        0
    ],
    "_orientation_": 6,
    "_padding_": [
        0,
        0,
        0,
        0
    ],
    "_percent_": true,
    "_skin_": "sf08caf986884fdaa134403879afac02",
    "_top_": {
        "type": "string",
        "value": "0dp"
    },
    "_width_": {
        "type": "string",
        "value": "40%"
    },
    "allboxes": [],
    "canUpdateUI": true,
    "centerx": {
        "type": "number",
        "value": ""
    },
    "centery": {
        "type": "number",
        "value": ""
    },
    "children": [
        "CopylblLine0bf091242ed9146",
        "CopylblCreateEvent0de93f11f7bcc45",
        "CopylblLineBr0f61d8422aab344",
        "flxCreateEventBody"
    ],
    "clipbounds": true,
    "containerweight": 100,
    "disabledSkins": {},
    "enablescrolling": true,
    "focusskin": "s00ae50d52e04ff4b6bbf802101c3714",
    "id": "flxCreateEvent",
    "info": null,
    "iscustomlayout": false,
    "isvisible": true,
    "kuid": "ca17d5c9a1604b7ea057585d12030ad0",
    "layouttype": 2,
    "name": "kony.ui.FlexContainer",
    "parent": "flxBody",
    "pf": "frmEvents",
    "responsiveData": {
        "b1": {
            "height": {
                "type": "string",
                "value": "95%"
            },
            "left": {
                "type": "string",
                "value": "30dp"
            },
            "width": {
                "type": "string",
                "value": "500dp"
            }
        },
        "b2": {
            "centerX": {
                "type": "string",
                "value": "50%"
            },
            "centerY": {
                "type": "string",
                "value": ""
            },
            "height": {
                "type": "string",
                "value": "100%"
            },
            "top": {
                "type": "string",
                "value": "0dp"
            },
            "width": {
                "type": "string",
                "value": "100%"
            }
        },
        "b3": {
            "centerX": {
                "type": "string",
                "value": "50%"
            },
            "width": {
                "type": "string",
                "value": "90%"
            }
        },
        "b3655060512": {
            "centerX": {
                "type": "string",
                "value": "50%"
            },
            "left": {
                "type": "string",
                "value": "0%"
            },
            "width": {
                "type": "string",
                "value": "100%"
            }
        },
        "b4": {
            "height": {
                "type": "string",
                "value": "540dp"
            },
            "left": {
                "type": "string",
                "value": "10dp"
            },
            "width": {
                "type": "string",
                "value": "550dp"
            }
        }
    },
    "retaincontentalignment": false,
    "retainflexpositionproperties": false,
    "retainflowhorizontalalignment": false,
    "snapgridsize": 10,
    "snaptogrid": true,
    "wType": "FlexContainer",
    "widgetalignment": 1,
    "zindex": 1
}