{
    "DNDConfig": null,
    "_height_": {
        "type": "string",
        "value": "60%"
    },
    "_left_": {
        "type": "string",
        "value": "0dp"
    },
    "_margin_": [
        0,
        0,
        0,
        0
    ],
    "_orientation_": 6,
    "_padding_": [
        0,
        0,
        0,
        0
    ],
    "_percent_": true,
    "_skin_": "sb582c3b2c61466ea379548fd5d229e8",
    "_top_": {
        "type": "string",
        "value": "24dp"
    },
    "_width_": {
        "type": "string",
        "value": "80%"
    },
    "allboxes": [],
    "autogrowmode": 0,
    "canUpdateUI": true,
    "centery": {
        "type": "string",
        "value": "70%"
    },
    "children": [
        "CopyCalendar0d07c007d002f44"
    ],
    "clipbounds": true,
    "containerweight": 100,
    "enablescrolling": true,
    "id": "flxCalender",
    "info": null,
    "iscustomlayout": false,
    "isvisible": true,
    "kuid": "g3ac04f8a46d488eb7bc39298c26d50c",
    "layouttype": 2,
    "name": "kony.ui.FlexContainer",
    "parent": "flxDate",
    "pf": "frmEvents",
    "responsiveData": {
        "b5": {
            "width": {
                "type": "string",
                "value": "85%"
            }
        }
    },
    "retaincontentalignment": false,
    "retainflexpositionproperties": false,
    "retainflowhorizontalalignment": false,
    "snapgridsize": 10,
    "snaptogrid": true,
    "wType": "FlexContainer",
    "widgetalignment": 1
}