{
    "DNDConfig": null,
    "_height_": {
        "type": "string",
        "value": "65dp"
    },
    "_left_": {
        "type": "string",
        "value": "10dp"
    },
    "_margin_": [
        0,
        0,
        0,
        0
    ],
    "_orientation_": 6,
    "_padding_": [
        0,
        0,
        0,
        0
    ],
    "_percent_": true,
    "_skin_": "s8ddd9520c9b48cb9a9f7fab8bafd8fe",
    "_top_": {
        "type": "string",
        "value": "190dp"
    },
    "_width_": {
        "type": "string",
        "value": "100%"
    },
    "allboxes": [],
    "canUpdateUI": true,
    "centerx": {
        "type": "string",
        "value": "50%"
    },
    "children": [
        "flxDate",
        "flxTime"
    ],
    "clipbounds": false,
    "containerweight": 100,
    "enablescrolling": true,
    "id": "flxDateTime",
    "info": null,
    "iscustomlayout": false,
    "isvisible": true,
    "kuid": "d1a2699dff5b43cfba5412cd76faf267",
    "layouttype": 2,
    "name": "kony.ui.FlexContainer",
    "parent": "flxCreateEventBody",
    "pf": "frmEvents",
    "responsiveData": {
        "b1": {
            "centerX": {
                "type": "string",
                "value": "50%"
            },
            "height": {
                "type": "string",
                "value": "50dp"
            },
            "skin": "s94487dec2b84f0b9a8ce1da76d00a62",
            "top": {
                "type": "string",
                "value": "115dp"
            },
            "width": {
                "type": "string",
                "value": "93%"
            }
        },
        "b2": {
            "top": {
                "type": "string",
                "value": "215dp"
            }
        },
        "b3655060512": {
            "top": {
                "type": "string",
                "value": "250dp"
            }
        },
        "b4": {
            "height": {
                "type": "string",
                "value": "60dp"
            },
            "top": {
                "type": "string",
                "value": "125dp"
            }
        }
    },
    "retaincontentalignment": false,
    "retainflexpositionproperties": false,
    "retainflowhorizontalalignment": false,
    "snapgridsize": 10,
    "snaptogrid": true,
    "wType": "FlexContainer",
    "widgetalignment": 1
}