{
    "DNDConfig": null,
    "_height_": {
        "type": "string",
        "value": "100dp"
    },
    "_left_": {
        "type": "string",
        "value": "1dp"
    },
    "_margin_": [
        0,
        0,
        0,
        0
    ],
    "_orientation_": 6,
    "_padding_": [
        0,
        0,
        0,
        0
    ],
    "_percent_": true,
    "_skin_": "s549957ed5b94b9085c085ee4fb8df05",
    "_top_": {
        "type": "string",
        "value": "80dp"
    },
    "_width_": {
        "type": "string",
        "value": "100%"
    },
    "allboxes": [],
    "canUpdateUI": true,
    "children": [
        "lblDesc",
        "CopytAreaDesc0a5f05c41b41243"
    ],
    "clipbounds": false,
    "containerweight": 100,
    "enablescrolling": true,
    "id": "flxDescContainer",
    "info": null,
    "iscustomlayout": false,
    "isvisible": true,
    "kuid": "e5eb09fbf4564ac5a16744fc099e1ebe",
    "layouttype": 2,
    "name": "kony.ui.FlexContainer",
    "parent": "flxCreateEventBody",
    "pf": "frmEvents",
    "responsiveData": {
        "b1": {
            "height": {
                "type": "string",
                "value": "80dp"
            },
            "left": {
                "type": "string",
                "value": "12dp"
            },
            "top": {
                "type": "string",
                "value": "245dp"
            }
        },
        "b3655060512": {
            "top": {
                "type": "string",
                "value": "110dp"
            }
        },
        "b4": {
            "height": {
                "type": "string",
                "value": "70dp"
            },
            "top": {
                "type": "string",
                "value": "60dp"
            }
        }
    },
    "retaincontentalignment": false,
    "retainflexpositionproperties": false,
    "retainflowhorizontalalignment": false,
    "snapgridsize": 10,
    "snaptogrid": true,
    "wType": "FlexContainer",
    "widgetalignment": 1
}