{
    "DNDConfig": null,
    "_height_": {
        "type": "string",
        "value": "45dp"
    },
    "_left_": {
        "type": "string",
        "value": "1dp"
    },
    "_margin_": [
        0,
        0,
        0,
        0
    ],
    "_orientation_": 6,
    "_padding_": [
        0,
        0,
        0,
        0
    ],
    "_percent_": true,
    "_skin_": "s1520ab55ec943ddb93c71ea038bd11d",
    "_top_": {
        "type": "string",
        "value": "380dp"
    },
    "_width_": {
        "type": "string",
        "value": "90%"
    },
    "allboxes": [],
    "canUpdateUI": true,
    "centerx": {
        "type": "number",
        "value": ""
    },
    "children": [
        "CopyListBox0ae499d0f1ff144"
    ],
    "clipbounds": false,
    "containerweight": 100,
    "enablescrolling": true,
    "id": "flxEventType",
    "info": null,
    "iscustomlayout": false,
    "isvisible": true,
    "kuid": "a1cdf9dcba894a4eae9e3700bfcb6ab5",
    "layouttype": 2,
    "name": "kony.ui.FlexContainer",
    "parent": "flxCreateEventBody",
    "pf": "frmEvents",
    "responsiveData": {
        "b1": {
            "centerX": {
                "type": "string",
                "value": "50%"
            },
            "height": {
                "type": "string",
                "value": "35dp"
            },
            "left": {
                "type": "string",
                "value": "1dp"
            },
            "top": {
                "type": "string",
                "value": "73dp"
            },
            "width": {
                "type": "string",
                "value": "100%"
            }
        },
        "b2": {
            "height": {
                "type": "string",
                "value": "50dp"
            },
            "top": {
                "type": "string",
                "value": "400dp"
            }
        },
        "b3655060512": {
            "height": {
                "type": "string",
                "value": "50dp"
            }
        },
        "b4": {
            "left": {
                "type": "string",
                "value": "1dp"
            },
            "top": {
                "type": "string",
                "value": "265dp"
            }
        }
    },
    "retaincontentalignment": false,
    "retainflexpositionproperties": false,
    "retainflowhorizontalalignment": false,
    "snapgridsize": 10,
    "snaptogrid": true,
    "wType": "FlexContainer",
    "widgetalignment": 1
}