{
    "DNDConfig": null,
    "_height_": {
        "type": "string",
        "value": "70dp"
    },
    "_left_": {
        "type": "string",
        "value": "0"
    },
    "_margin_": [
        0,
        0,
        0,
        0
    ],
    "_orientation_": 6,
    "_padding_": [
        0,
        0,
        0,
        0
    ],
    "_percent_": true,
    "_skin_": "sa96b90d23824465976b8715c4db8f02",
    "_top_": {
        "type": "string",
        "value": "0"
    },
    "_width_": {
        "type": "string",
        "value": "100%"
    },
    "allboxes": [],
    "canUpdateUI": true,
    "children": [
        "CopylblEventTitle0f0474d14f11442",
        "CopytbxEventTitle0ac8babd5b9b542"
    ],
    "clipbounds": false,
    "containerweight": 100,
    "enablescrolling": true,
    "id": "flxEventTitle",
    "info": null,
    "iscustomlayout": false,
    "isvisible": true,
    "kuid": "f2dbe1c9b0e54685af863bb3498b94cb",
    "layouttype": 2,
    "name": "kony.ui.FlexContainer",
    "parent": "flxCreateEventBody",
    "pf": "frmEvents",
    "responsiveData": {
        "b1": {
            "height": {
                "type": "string",
                "value": "60dp"
            },
            "top": {
                "type": "number",
                "value": "1"
            }
        },
        "b3655060512": {
            "top": {
                "type": "number",
                "value": "12"
            }
        },
        "b4": {
            "height": {
                "type": "string",
                "value": "60dp"
            }
        }
    },
    "retaincontentalignment": false,
    "retainflexpositionproperties": false,
    "retainflowhorizontalalignment": false,
    "snapgridsize": 10,
    "snaptogrid": true,
    "wType": "FlexContainer",
    "widgetalignment": 1
}