{
    "DNDConfig": null,
    "_height_": {
        "type": "string",
        "value": "120dp"
    },
    "_left_": {
        "type": "string",
        "value": "0dp"
    },
    "_margin_": [
        0,
        0,
        0,
        0
    ],
    "_orientation_": 6,
    "_padding_": [
        0,
        0,
        0,
        0
    ],
    "_percent_": true,
    "_skin_": "sf94f668077843cf892f3467dbc6d2af",
    "_top_": {
        "type": "string",
        "value": "0dp"
    },
    "_width_": {
        "type": "string",
        "value": "80%"
    },
    "allboxes": [],
    "canUpdateUI": true,
    "children": [
        "flxPageEvents",
        "flxSearch",
        "flxMenuContainer",
        "flxMenuContainer2"
    ],
    "clipbounds": true,
    "containerweight": 100,
    "enablescrolling": true,
    "id": "flxHeader",
    "info": null,
    "iscustomlayout": false,
    "isvisible": true,
    "kuid": "d6a0f174ae0f4a91ac234d1ecac23b21",
    "layouttype": 2,
    "name": "kony.ui.FlexContainer",
    "parent": "flxMainBody",
    "pf": "frmEvents",
    "responsiveData": {
        "b1": {
            "height": {
                "type": "string",
                "value": "80dp"
            },
            "width": {
                "type": "string",
                "value": "100%"
            }
        },
        "b2": {
            "height": {
                "type": "string",
                "value": "90dp"
            },
            "left": {
                "type": "string",
                "value": "0dp"
            },
            "top": {
                "type": "string",
                "value": "0dp"
            },
            "width": {
                "type": "string",
                "value": "100%"
            },
            "zIndex": 2
        },
        "b3": {
            "height": {
                "type": "string",
                "value": "65dp"
            },
            "skin": "s87f042b73284f369b4e73acafadb486",
            "width": {
                "type": "string",
                "value": "100%"
            }
        },
        "b3655060512": {
            "height": {
                "type": "string",
                "value": "80dp"
            },
            "skin": "s1882a5bd6574863a7567ca69523c883",
            "width": {
                "type": "string",
                "value": "100%"
            }
        },
        "b4": {
            "height": {
                "type": "string",
                "value": "70dp"
            },
            "skin": "s9700651da38469baaa4977fa6c155ab",
            "width": {
                "type": "string",
                "value": "100%"
            }
        },
        "b5": {
            "width": {
                "type": "string",
                "value": "100%"
            }
        }
    },
    "retaincontentalignment": false,
    "retainflexpositionproperties": false,
    "retainflowhorizontalalignment": false,
    "snapgridsize": 10,
    "snaptogrid": true,
    "wType": "FlexContainer",
    "widgetalignment": 1
}