{
    "DNDConfig": null,
    "_height_": {
        "type": "string",
        "value": "80dp"
    },
    "_left_": {
        "type": "string",
        "value": "0dp"
    },
    "_margin_": [
        0,
        0,
        0,
        0
    ],
    "_orientation_": 6,
    "_padding_": [
        0,
        0,
        0,
        0
    ],
    "_percent_": true,
    "_skin_": "s7e1e9e6597d4e02ae90301a1fd81829",
    "_top_": {
        "type": "string",
        "value": "280dp"
    },
    "_width_": {
        "type": "string",
        "value": "100%"
    },
    "allboxes": [],
    "canUpdateUI": true,
    "centerx": {
        "type": "string",
        "value": "49.93%"
    },
    "children": [
        "CopytbxLocation0i8fc0d3282b647",
        "CopylblLocation0g7e7b190acb44e"
    ],
    "clipbounds": false,
    "containerweight": 100,
    "enablescrolling": true,
    "id": "flxLocation",
    "info": null,
    "iscustomlayout": false,
    "isvisible": true,
    "kuid": "a55f4904dc5642cd9c3fe79c882aff38",
    "layouttype": 2,
    "name": "kony.ui.FlexContainer",
    "parent": "flxCreateEventBody",
    "pf": "frmEvents",
    "responsiveData": {
        "b1": {
            "centerX": {
                "type": "string",
                "value": "50.35%"
            },
            "height": {
                "type": "string",
                "value": "55dp"
            },
            "top": {
                "type": "string",
                "value": "175dp"
            },
            "width": {
                "type": "string",
                "value": "95%"
            }
        },
        "b2": {
            "top": {
                "type": "string",
                "value": "300dp"
            }
        },
        "b3655060512": {
            "top": {
                "type": "string",
                "value": "340dp"
            }
        },
        "b4": {
            "height": {
                "type": "string",
                "value": "65dp"
            },
            "skin": "sfac6ebc4fab4483bdac0395b3829745",
            "top": {
                "type": "string",
                "value": "190dp"
            }
        }
    },
    "retaincontentalignment": false,
    "retainflexpositionproperties": false,
    "retainflowhorizontalalignment": false,
    "snapgridsize": 10,
    "snaptogrid": true,
    "wType": "FlexContainer",
    "widgetalignment": 1
}