{
    "DNDConfig": null,
    "_height_": {
        "type": "string",
        "value": "100%"
    },
    "_left_": {
        "type": "string",
        "value": "47%"
    },
    "_margin_": [
        0,
        0,
        0,
        0
    ],
    "_orientation_": 6,
    "_padding_": [
        0,
        0,
        0,
        0
    ],
    "_percent_": true,
    "_skin_": "s00b7f38b213496d8887a60edfcf1a6d",
    "_top_": {
        "type": "string",
        "value": "0dp"
    },
    "_width_": {
        "type": "string",
        "value": "50%"
    },
    "allboxes": [],
    "autogrowmode": 0,
    "canUpdateUI": true,
    "centerx": {
        "type": "number",
        "value": ""
    },
    "centery": {
        "type": "number",
        "value": ""
    },
    "children": [
        "CopylblLinetop0b3348e6659a04b",
        "CopylblListofEvents0a99166a2448f44",
        "CopylblLineBr0i8432c8954bd4a",
        "CopyRemoveItem0ge2382fa65a544",
        "CopyMinus0b6ea485d453949",
        "CopybtnViewAllEvents0d93dedf09e1241",
        "CopyflxSeg0b23236345afc41",
        "flxViewMore"
    ],
    "clipbounds": true,
    "containerweight": 100,
    "disabledSkins": {},
    "enablescrolling": true,
    "focusskin": "s00ae50d52e04ff4b6bbf802101c3714",
    "id": "flxListEvents",
    "info": null,
    "iscustomlayout": false,
    "isvisible": true,
    "kuid": "bfc070cd5f45497bb6ba0d17041d83d1",
    "layouttype": 2,
    "name": "kony.ui.FlexContainer",
    "parent": "flxBody",
    "pf": "frmEvents",
    "responsiveData": {
        "b1": {
            "left": {
                "type": "string",
                "value": "48%"
            },
            "width": {
                "type": "string",
                "value": "570dp"
            }
        },
        "b2": {
            "centerX": {
                "type": "string",
                "value": "50%"
            },
            "centerY": {
                "type": "string",
                "value": ""
            },
            "left": {
                "type": "string",
                "value": ""
            },
            "top": {
                "type": "string",
                "value": "0dp"
            },
            "width": {
                "type": "string",
                "value": "100%"
            }
        },
        "b3": {
            "centerX": {
                "type": "string",
                "value": "50%"
            },
            "left": {
                "type": "string",
                "value": "0%"
            },
            "top": {
                "type": "string",
                "value": "750dp"
            },
            "width": {
                "type": "string",
                "value": "100%"
            }
        },
        "b3655060512": {
            "centerX": {
                "type": "string",
                "value": "50%"
            },
            "top": {
                "type": "string",
                "value": "900dp"
            },
            "width": {
                "type": "string",
                "value": "100%"
            }
        },
        "b4": {
            "width": {
                "type": "string",
                "value": "650dp"
            }
        },
        "b5": {
            "left": {
                "type": "string",
                "value": "45%"
            },
            "width": {
                "type": "string",
                "value": "55%"
            }
        }
    },
    "retaincontentalignment": false,
    "retainflexpositionproperties": false,
    "retainflowhorizontalalignment": false,
    "snapgridsize": 10,
    "snaptogrid": true,
    "wType": "FlexContainer",
    "widgetalignment": 1,
    "zindex": 1
}