{
    "DNDConfig": null,
    "_height_": {
        "type": "string",
        "value": "220dp"
    },
    "_left_": {
        "type": "string",
        "value": "0"
    },
    "_margin_": [
        0,
        0,
        0,
        0
    ],
    "_orientation_": 6,
    "_padding_": [
        0,
        0,
        0,
        0
    ],
    "_percent_": true,
    "_skin_": "scc4dd8ff5ad477b94f352de8526df46",
    "_top_": {
        "type": "string",
        "value": "0"
    },
    "_width_": {
        "type": "string",
        "value": "100%"
    },
    "allboxes": [],
    "canUpdateUI": true,
    "centerx": {
        "type": "number",
        "value": ""
    },
    "centery": {
        "type": "number",
        "value": ""
    },
    "children": [
        "CopyimgHamburgerMenu0cc5c299c4c954e"
    ],
    "clipbounds": false,
    "containerweight": 100,
    "enablescrolling": true,
    "id": "flxMenuContainer",
    "ide_onClick": "AS_FlexContainer_a44b2306de5a4d8d9387a5f9086f94e0",
    "info": null,
    "iscustomlayout": false,
    "isvisible": true,
    "kuid": "i34efa169367419fadf2ff38f91bb52e",
    "layouttype": 2,
    "name": "kony.ui.FlexContainer",
    "parent": "flxHeader",
    "pf": "frmEvents",
    "responsiveData": {
        "b1": {
            "isVisible": false
        },
        "b2": {
            "centerY": {
                "type": "string",
                "value": "50%"
            },
            "height": {
                "type": "string",
                "value": "60%"
            },
            "isVisible": true,
            "left": {
                "type": "number",
                "value": "10"
            },
            "skin": "sed98adb944541ab8abf4df653e5220d",
            "width": {
                "type": "string",
                "value": "10%"
            },
            "zIndex": 1
        },
        "b3": {
            "centerX": {
                "type": "string",
                "value": "8%"
            },
            "centerY": {
                "type": "string",
                "value": "50%"
            },
            "height": {
                "type": "string",
                "value": "50%"
            },
            "isVisible": true,
            "skin": "sbdd25ba0abf4557bb830084b4193c99",
            "width": {
                "type": "string",
                "value": "8%"
            }
        },
        "b3655060512": {
            "centerY": {
                "type": "string",
                "value": "51.25%"
            },
            "height": {
                "type": "string",
                "value": "50%"
            },
            "isVisible": true,
            "left": {
                "type": "string",
                "value": "23dp"
            },
            "skin": "s290d590c70b467c8fbde04e3631cf4b",
            "width": {
                "type": "string",
                "value": "7%"
            }
        },
        "b4": {
            "isVisible": false
        },
        "b5": {
            "isVisible": false
        }
    },
    "retaincontentalignment": false,
    "retainflexpositionproperties": false,
    "retainflowhorizontalalignment": false,
    "snapgridsize": 10,
    "snaptogrid": true,
    "wType": "FlexContainer",
    "widgetalignment": 1,
    "zindex": 1
}