{
    "DNDConfig": null,
    "_height_": {
        "type": "string",
        "value": "900dp"
    },
    "_left_": {
        "type": "string",
        "value": "0dp"
    },
    "_margin_": [
        0,
        0,
        0,
        0
    ],
    "_orientation_": 6,
    "_padding_": [
        0,
        0,
        0,
        0
    ],
    "_percent_": true,
    "_skin_": "s834ad5f41af45babd0ccfb0ba8cf327",
    "_top_": {
        "type": "string",
        "value": "0dp"
    },
    "_width_": {
        "type": "string",
        "value": "1500dp"
    },
    "allboxes": [],
    "canUpdateUI": true,
    "children": [
        "flxMainBody",
        "flxMenu",
        "device1024"
    ],
    "clipbounds": false,
    "containerweight": 100,
    "enablescrolling": true,
    "id": "flxMain",
    "info": null,
    "iscustomlayout": false,
    "isvisible": true,
    "kuid": "d547ba64c05a4571bde7f25363fc1409",
    "layouttype": 2,
    "name": "kony.ui.FlexContainer",
    "parent": "frmEvents",
    "pf": "frmEvents",
    "responsiveData": {
        "b1": {
            "height": {
                "type": "string",
                "value": "640dp"
            },
            "width": {
                "type": "string",
                "value": "1365dp"
            }
        },
        "b2": {
            "height": {
                "type": "string",
                "value": "900dp"
            },
            "width": {
                "type": "string",
                "value": "770dp"
            }
        },
        "b3655060512": {
            "width": {
                "type": "string",
                "value": "650dp"
            }
        },
        "b4": {
            "height": {
                "type": "string",
                "value": "640dp"
            }
        },
        "b5": {
            "left": {
                "type": "string",
                "value": "1dp"
            },
            "width": {
                "type": "string",
                "value": "1025dp"
            }
        }
    },
    "retaincontentalignment": false,
    "retainflexpositionproperties": false,
    "retainflowhorizontalalignment": false,
    "snapgridsize": 10,
    "snaptogrid": true,
    "wType": "FlexContainer",
    "widgetalignment": 1,
    "zindex": 1
}