{
    "DNDConfig": null,
    "_height_": {
        "type": "string",
        "value": "220dp"
    },
    "_left_": {
        "type": "string",
        "value": "0"
    },
    "_margin_": [
        0,
        0,
        0,
        0
    ],
    "_orientation_": 6,
    "_padding_": [
        0,
        0,
        0,
        0
    ],
    "_percent_": true,
    "_skin_": "scc4dd8ff5ad477b94f352de8526df46",
    "_top_": {
        "type": "string",
        "value": "0"
    },
    "_width_": {
        "type": "string",
        "value": "100%"
    },
    "allboxes": [],
    "canUpdateUI": true,
    "centerx": {
        "type": "number",
        "value": ""
    },
    "centery": {
        "type": "number",
        "value": ""
    },
    "children": [
        "CopyimgHamburgerMenu0a1e6db23f3f549"
    ],
    "clipbounds": false,
    "containerweight": 100,
    "enablescrolling": true,
    "id": "flxMenuContainer2",
    "ide_onClick": "AS_FlexContainer_ae17c0d1e7864018997ae742d9b4a21d",
    "info": null,
    "iscustomlayout": false,
    "isvisible": true,
    "kuid": "h85dcdacb8ec4267b6a6e37bd0379779",
    "layouttype": 2,
    "name": "kony.ui.FlexContainer",
    "parent": "flxHeader",
    "pf": "frmEvents",
    "responsiveData": {
        "b1": {
            "isVisible": false
        },
        "b2": {
            "centerY": {
                "type": "string",
                "value": "50%"
            },
            "height": {
                "type": "string",
                "value": "60dp"
            },
            "left": {
                "type": "number",
                "value": "10"
            },
            "skin": "s245e8187aad417bb5f14df8ac7d2a5c",
            "width": {
                "type": "string",
                "value": "10%"
            }
        },
        "b3": {
            "centerX": {
                "type": "string",
                "value": "7%"
            },
            "centerY": {
                "type": "string",
                "value": "50%"
            },
            "height": {
                "type": "string",
                "value": "50%"
            },
            "isVisible": false,
            "skin": "sf22576085a0408a888d594e4c948d7d",
            "width": {
                "type": "string",
                "value": "6%"
            }
        },
        "b3655060512": {
            "centerX": {
                "type": "string",
                "value": "7.28%"
            },
            "height": {
                "type": "string",
                "value": "50%"
            },
            "isVisible": false,
            "left": {
                "type": "number",
                "value": "23"
            },
            "skin": "sae57aefb1724917817e9287917d7d4d",
            "top": {
                "type": "string",
                "value": "20dp"
            },
            "width": {
                "type": "string",
                "value": "7%"
            }
        },
        "b4": {
            "isVisible": false
        },
        "b5": {
            "isVisible": false
        }
    },
    "retaincontentalignment": false,
    "retainflexpositionproperties": false,
    "retainflowhorizontalalignment": false,
    "snapgridsize": 10,
    "snaptogrid": true,
    "wType": "FlexContainer",
    "widgetalignment": 1
}