{
    "DNDConfig": null,
    "_height_": {
        "type": "ref",
        "value": "preferred"
    },
    "_left_": {
        "type": "string",
        "value": "0"
    },
    "_margin_": [
        0,
        0,
        0,
        0
    ],
    "_orientation_": 6,
    "_padding_": [
        0,
        0,
        0,
        0
    ],
    "_percent_": true,
    "_skin_": "s71129ee6eb14bf5b3fd5ea6d5a83c92",
    "_top_": {
        "type": "string",
        "value": "0"
    },
    "_width_": {
        "type": "string",
        "value": "250dp"
    },
    "allboxes": [],
    "autogrowmode": 0,
    "canUpdateUI": true,
    "children": [
        "CopyflximgLogo0ea6ee6aff95344",
        "CopyflxMenuList0cc3598be1f104b",
        "CopyflxLogout0b3d2484671d74d",
        "CopyflxCreateVisitors0j0dc620fcd694a"
    ],
    "clipbounds": false,
    "containerweight": 100,
    "enablescrolling": true,
    "id": "flxMenu",
    "info": null,
    "iscustomlayout": false,
    "isvisible": true,
    "kuid": "db939932f9b7434a8611602a5d0bf189",
    "layouttype": 2,
    "name": "kony.ui.FlexContainer",
    "parent": "flxMain",
    "pf": "frmEvents",
    "responsiveData": {
        "b1": {
            "isVisible": false,
            "left": {
                "type": "string",
                "value": "0dp"
            },
            "top": {
                "type": "string",
                "value": "0dp"
            },
            "width": {
                "type": "string",
                "value": "225dp"
            },
            "zIndex": 2
        },
        "b2": {
            "isVisible": false
        },
        "b3": {
            "height": {
                "type": "string",
                "value": "840dp"
            },
            "isVisible": false,
            "skin": "sc19b8bd6ca043b396bae85096b28693",
            "top": {
                "type": "number",
                "value": "65"
            },
            "width": {
                "type": "string",
                "value": "200dp"
            }
        },
        "b3655060512": {
            "isVisible": false,
            "left": {
                "type": "string",
                "value": "-10dp"
            },
            "top": {
                "type": "string",
                "value": "100dp"
            }
        },
        "b4": {
            "height": {
                "type": "string",
                "value": "900dp"
            },
            "isVisible": false
        },
        "b5": {
            "isVisible": false,
            "width": {
                "type": "string",
                "value": "200dp"
            },
            "zIndex": 2
        }
    },
    "retaincontentalignment": false,
    "retainflexpositionproperties": false,
    "retainflowhorizontalalignment": false,
    "snapgridsize": 10,
    "snaptogrid": true,
    "wType": "FlexContainer",
    "widgetalignment": 1
}