{
    "DNDConfig": null,
    "_height_": {
        "type": "string",
        "value": "900dp"
    },
    "_left_": {
        "type": "string",
        "value": "240dp"
    },
    "_margin_": [
        0,
        0,
        0,
        0
    ],
    "_orientation_": 6,
    "_padding_": [
        0,
        0,
        0,
        0
    ],
    "_percent_": true,
    "_skin_": "scc4dd8ff5ad477b94f352de8526df46",
    "_top_": {
        "type": "string",
        "value": "0dp"
    },
    "_width_": {
        "type": "string",
        "value": "1200dp"
    },
    "allboxes": [],
    "canUpdateUI": true,
    "children": [
        "flxHeader",
        "flxBody"
    ],
    "clipbounds": false,
    "containerweight": 100,
    "enablescrolling": true,
    "id": "flxMainBody",
    "info": null,
    "iscustomlayout": false,
    "isvisible": true,
    "kuid": "debb78ca09c1425ab33d32663d7823b2",
    "layouttype": 2,
    "name": "kony.ui.FlexContainer",
    "parent": "flxMain",
    "pf": "frmEvents",
    "responsiveData": {
        "b1": {
            "height": {
                "type": "string",
                "value": "640dp"
            },
            "left": {
                "type": "string",
                "value": "200dp"
            },
            "width": {
                "type": "string",
                "value": "1170dp"
            }
        },
        "b2": {
            "left": {
                "type": "string",
                "value": "0dp"
            },
            "width": {
                "type": "string",
                "value": "100%"
            }
        },
        "b3": {
            "left": {
                "type": "string",
                "value": "0dp"
            },
            "top": {
                "type": "string",
                "value": "0dp"
            },
            "width": {
                "type": "string",
                "value": "480dp"
            }
        },
        "b3655060512": {
            "left": {
                "type": "string",
                "value": "0dp"
            },
            "width": {
                "type": "string",
                "value": "100%"
            }
        },
        "b4": {
            "height": {
                "type": "string",
                "value": "640dp"
            },
            "left": {
                "type": "string",
                "value": "150dp"
            },
            "width": {
                "type": "string",
                "value": "1292dp"
            }
        },
        "b5": {
            "left": {
                "type": "string",
                "value": "190dp"
            },
            "width": {
                "type": "string",
                "value": "835dp"
            }
        }
    },
    "retaincontentalignment": false,
    "retainflexpositionproperties": false,
    "retainflowhorizontalalignment": false,
    "snapgridsize": 10,
    "snaptogrid": true,
    "wType": "FlexContainer",
    "widgetalignment": 1
}