{
    "DNDConfig": null,
    "_height_": {
        "type": "string",
        "value": "70dp"
    },
    "_left_": {
        "type": "string",
        "value": "0%"
    },
    "_margin_": [
        0,
        0,
        0,
        0
    ],
    "_orientation_": 6,
    "_padding_": [
        0,
        0,
        0,
        0
    ],
    "_percent_": true,
    "_skin_": "s291d0ac381a4cd9a280746ee17001f0",
    "_top_": {
        "type": "string",
        "value": "20dp"
    },
    "_width_": {
        "type": "string",
        "value": "17.36%"
    },
    "allboxes": [],
    "canUpdateUI": true,
    "centerx": {
        "type": "string",
        "value": "12%"
    },
    "centery": {
        "type": "number",
        "value": ""
    },
    "children": [
        "CopylblPagesEvents0c9d056a70a704f",
        "CopylblEvents0e2dbfeb1582e44"
    ],
    "clipbounds": false,
    "containerweight": 100,
    "enablescrolling": true,
    "id": "flxPageEvents",
    "info": null,
    "iscustomlayout": false,
    "isvisible": true,
    "kuid": "b1337068b59c491eb56e2656098d8a73",
    "layouttype": 2,
    "name": "kony.ui.FlexContainer",
    "parent": "flxHeader",
    "pf": "frmEvents",
    "responsiveData": {
        "b1": {
            "centerX": {
                "type": "string",
                "value": "120dp"
            },
            "height": {
                "type": "string",
                "value": "60dp"
            },
            "top": {
                "type": "string",
                "value": "0dp"
            }
        },
        "b2": {
            "centerX": {
                "type": "string",
                "value": "30%"
            },
            "width": {
                "type": "string",
                "value": "30%"
            }
        },
        "b3": {
            "centerX": {
                "type": "string",
                "value": "33%"
            },
            "centerY": {
                "type": "string",
                "value": "50%"
            },
            "height": {
                "type": "string",
                "value": "80%"
            },
            "left": {
                "type": "string",
                "value": "0%"
            },
            "skin": "se9bc945de4541a9a11bade48617cca1",
            "width": {
                "type": "string",
                "value": "35%"
            }
        },
        "b3655060512": {
            "centerX": {
                "type": "string",
                "value": "30%"
            },
            "centerY": {
                "type": "string",
                "value": "50%"
            },
            "width": {
                "type": "string",
                "value": "30%"
            }
        },
        "b4": {
            "centerX": {
                "type": "string",
                "value": "120dp"
            },
            "height": {
                "type": "string",
                "value": "60dp"
            },
            "skin": "s40b89846ae04de0833944edfa0d9724",
            "top": {
                "type": "string",
                "value": "0dp"
            }
        }
    },
    "retaincontentalignment": false,
    "retainflexpositionproperties": false,
    "retainflowhorizontalalignment": false,
    "snapgridsize": 10,
    "snaptogrid": true,
    "wType": "FlexContainer",
    "widgetalignment": 1,
    "zindex": 1
}