{
    "DNDConfig": null,
    "_height_": {
        "type": "string",
        "value": "50%"
    },
    "_left_": {
        "type": "string",
        "value": "0dp"
    },
    "_margin_": [
        0,
        0,
        0,
        0
    ],
    "_orientation_": 6,
    "_padding_": [
        0,
        0,
        0,
        0
    ],
    "_percent_": true,
    "_skin_": "sc496a7e4664468587aa8f4ac3cfc5a1",
    "_top_": {
        "type": "string",
        "value": "0dp"
    },
    "_width_": {
        "type": "string",
        "value": "30%"
    },
    "allboxes": [],
    "canUpdateUI": true,
    "centerx": {
        "type": "string",
        "value": "80%"
    },
    "centery": {
        "type": "string",
        "value": "50.83%"
    },
    "children": [
        "CopyflxSearchBox0a46d931df2454a",
        "CopyFlexContainer0a38db1d8860c41",
        "CopyFlexContainer0b83e3419e2d44a",
        "CopyFlexContainer0d823e26f8c2947",
        "CopyFlexContainer0feafbe05b11346"
    ],
    "clipbounds": false,
    "containerweight": 100,
    "enablescrolling": true,
    "id": "flxSearch",
    "info": null,
    "iscustomlayout": false,
    "isvisible": true,
    "kuid": "h6d824e4eb204893b622642924f80de4",
    "layouttype": 2,
    "name": "kony.ui.FlexContainer",
    "parent": "flxHeader",
    "pf": "frmEvents",
    "responsiveData": {
        "b1": {
            "centerX": {
                "type": "string",
                "value": "80%"
            },
            "centerY": {
                "type": "string",
                "value": "50.80%"
            },
            "height": {
                "type": "string",
                "value": "65%"
            },
            "width": {
                "type": "string",
                "value": "30%"
            }
        },
        "b2": {
            "centerY": {
                "type": "string",
                "value": "50%"
            },
            "height": {
                "type": "string",
                "value": "50%"
            }
        },
        "b3": {
            "centerX": {
                "type": "string",
                "value": "75%"
            },
            "height": {
                "type": "string",
                "value": "60%"
            },
            "width": {
                "type": "string",
                "value": "45%"
            }
        },
        "b3655060512": {
            "centerX": {
                "type": "string",
                "value": "76%"
            },
            "centerY": {
                "type": "string",
                "value": "50%"
            },
            "height": {
                "type": "string",
                "value": "60%"
            },
            "width": {
                "type": "string",
                "value": "38%"
            }
        },
        "b5": {
            "centerX": {
                "type": "string",
                "value": "76.60%"
            },
            "centerY": {
                "type": "string",
                "value": "50.82%"
            },
            "width": {
                "type": "string",
                "value": "45%"
            }
        }
    },
    "retaincontentalignment": false,
    "retainflexpositionproperties": false,
    "retainflowhorizontalalignment": false,
    "snapgridsize": 10,
    "snaptogrid": true,
    "wType": "FlexContainer",
    "widgetalignment": 1
}