{
    "DNDConfig": null,
    "_height_": {
        "type": "string",
        "value": "220dp"
    },
    "_left_": {
        "type": "string",
        "value": "0"
    },
    "_margin_": [
        0,
        0,
        0,
        0
    ],
    "_orientation_": 6,
    "_padding_": [
        0,
        0,
        0,
        0
    ],
    "_percent_": true,
    "_skin_": "scc4dd8ff5ad477b94f352de8526df46",
    "_top_": {
        "type": "string",
        "value": "0"
    },
    "_width_": {
        "type": "string",
        "value": "100%"
    },
    "allboxes": [],
    "canUpdateUI": true,
    "centery": {
        "type": "number",
        "value": ""
    },
    "children": [
        "lblViewMore"
    ],
    "clipbounds": false,
    "containerweight": 100,
    "enablescrolling": true,
    "id": "flxViewMore",
    "info": null,
    "iscustomlayout": false,
    "isvisible": true,
    "kuid": "cab9ae7d35d64e36b46e3258f65ab8b5",
    "layouttype": 2,
    "name": "kony.ui.FlexContainer",
    "parent": "flxListEvents",
    "pf": "frmEvents",
    "responsiveData": {
        "b1": {
            "centerY": {
                "type": "string",
                "value": "90%"
            },
            "height": {
                "type": "string",
                "value": "50dp"
            },
            "isVisible": false,
            "skin": "s6d1a7a644964cceaf61670044468a1c"
        }
    },
    "retaincontentalignment": false,
    "retainflexpositionproperties": false,
    "retainflowhorizontalalignment": false,
    "snapgridsize": 10,
    "snaptogrid": true,
    "wType": "FlexContainer",
    "widgetalignment": 1
}