{
    "@class": "com.kony.gen.viz.model.container.KVizScrollFlexForm",
    "DNDConfig": null,
    "_margin_": [
        0,
        0,
        0,
        0
    ],
    "_orientation_": 1,
    "_padding_": [
        0,
        0,
        0,
        0
    ],
    "_percent_": true,
    "_pxMenuIndex": [
        2,
        1,
        4
    ],
    "_skin_": "se95de195dae43c8b8b5179f8cecb269",
    "_title_": null,
    "addWidgetsdone": false,
    "allboxes": [],
    "android": {
        "needAppMenu": false,
        "psp": {
            "windowSoftInputMode": 1
        }
    },
    "androidwearos": {
        "needAppMenu": false,
        "psp": {
            "windowSoftInputMode": 1
        }
    },
    "breakpointInfo": {
        "b1": {
            "width": 1366
        },
        "b2": {
            "width": 768
        },
        "b3": {
            "width": 480
        },
        "b3655060512": {
            "width": 640
        },
        "b4": {
            "width": 1440
        },
        "b5": {
            "width": 1024
        }
    },
    "canUpdateUI": true,
    "canvasWidth": 1200,
    "children": [
        "flxMain"
    ],
    "containerweight": 100,
    "controllerInfo": {
        "default": {
            "channel": "desktop",
            "name": "frmEventsController"
        }
    },
    "currentBreakpoint": {
        "kuid": "b1",
        "width": 1366
    },
    "currentLocale": "default",
    "desktopweb": {
        "needAppMenu": false
    },
    "device": "desktopweb",
    "displayorientation": 1,
    "enabledforidletimeout": false,
    "id": "frmEvents",
    "info": null,
    "initdone": false,
    "inputaccessoryviewtype": 4,
    "ipad": {
        "needAppMenu": false,
        "psp": {
            "inputAccessoryViewType": 4
        },
        "titleBar": false
    },
    "iphone": {
        "needAppMenu": false,
        "psp": {
            "inputAccessoryViewType": 4
        },
        "titleBar": false
    },
    "iscustomlayout": false,
    "isvisible": true,
    "kiosk": {
        "needAppMenu": false
    },
    "kuid": "c2d40daee1514e6ea6d1477f1e4fbd1c",
    "layouttype": 2,
    "name": "kony.ui.Form2",
    "needappmenu": false,
    "paddinginpixel": false,
    "platform": "desktopweb",
    "prevDevice": "desktopweb",
    "prevPlatform": "desktopweb",
    "retaincontentalignment": false,
    "retainflexpositionproperties": false,
    "retainscrollposition": false,
    "snapgridsize": 10,
    "snaptogrid": true,
    "spaan": {
        "needAppMenu": false
    },
    "spaandroidtablet": {
        "needAppMenu": false
    },
    "spaip": {
        "needAppMenu": false
    },
    "spaipad": {
        "needAppMenu": false
    },
    "spawindowstablet": {
        "needAppMenu": false
    },
    "spawinphone8": {
        "needAppMenu": false
    },
    "titleBarSkin": "sa9fb889e95b479dba9d5e3107ead7be",
    "titlebar": true,
    "type": 3,
    "vizProps": {
        "globalRespDesignEnabled": false
    },
    "wType": "Form",
    "windows8": {
        "needAppMenu": false
    },
    "winphone8": {
        "needAppMenu": false
    }
}