{
    "@class": "com.kony.gen.viz.model.component.KVizLabel",
    "DNDConfig": null,
    "_height_": {
        "type": "ref",
        "value": "preferred"
    },
    "_left_": {
        "type": "string",
        "value": "0dp"
    },
    "_margin_": [
        1,
        1,
        1,
        1
    ],
    "_padding_": [
        0,
        0,
        0,
        0
    ],
    "_skin_": "sfdc2bf39cc24407aa01038f3e8c62f9",
    "_text_": "Date",
    "_top_": {
        "type": "string",
        "value": "0dp"
    },
    "_width_": {
        "type": "ref",
        "value": "preferred"
    },
    "_wrapping_": 2,
    "android": {
        "textStyle": {
            "letterSpacing": 0,
            "strikeThrough": false
        }
    },
    "canUpdateUI": true,
    "containerweight": 100,
    "contentalignment": 4,
    "id": "lblDate",
    "info": null,
    "ipad": {
        "psp": {
            "wrapping": 2
        }
    },
    "iphone": {
        "psp": {
            "wrapping": 2
        }
    },
    "iscustomlayout": false,
    "isvisible": true,
    "kuid": "faa8ca96588c4145b70ee846dd139cce",
    "name": "kony.ui.Label",
    "parent": "flxDate",
    "pf": "frmEvents",
    "responsiveData": {
        "b1": {
            "skin": "sa740f6cf6fa46669bb417be01bc7d92"
        },
        "b3": {
            "skin": "s9767181b1f849f09aa152f6c8cec7bf"
        },
        "b4": {
            "skin": "saaff8974c004461b80424c8e28a0657"
        }
    },
    "retaincontentalignment": false,
    "retainflexpositionproperties": false,
    "tooltip": "",
    "wType": "Label",
    "zindex": 1
}