{
    "@class": "com.kony.gen.viz.model.component.KVizLabel",
    "DNDConfig": null,
    "_height_": {
        "type": "ref",
        "value": "preferred"
    },
    "_left_": {
        "type": "string",
        "value": "0dp"
    },
    "_margin_": [
        1,
        1,
        1,
        1
    ],
    "_padding_": [
        0,
        0,
        0,
        0
    ],
    "_skin_": "sfdc2bf39cc24407aa01038f3e8c62f9",
    "_text_": "Time",
    "_top_": {
        "type": "string",
        "value": "0dp"
    },
    "_width_": {
        "type": "ref",
        "value": "preferred"
    },
    "_wrapping_": 2,
    "android": {
        "textStyle": {
            "letterSpacing": 0,
            "strikeThrough": false
        }
    },
    "canUpdateUI": true,
    "containerweight": 100,
    "contentalignment": 4,
    "id": "lblTime",
    "info": null,
    "ipad": {
        "psp": {
            "wrapping": 2
        }
    },
    "iphone": {
        "psp": {
            "wrapping": 2
        }
    },
    "iscustomlayout": false,
    "isvisible": true,
    "kuid": "c8e20df764eb4a359c733d54feadba13",
    "name": "kony.ui.Label",
    "parent": "flxTime",
    "pf": "frmEvents",
    "responsiveData": {
        "b1": {
            "skin": "s7948030a1c04e33b1508a800a61c28e"
        },
        "b3": {
            "skin": "s39fff7e3b804d60a6f074d5cbe0163d"
        },
        "b4": {
            "skin": "s2d9a95f01eb43778b2e1ce259c2b27f"
        }
    },
    "retaincontentalignment": false,
    "retainflexpositionproperties": false,
    "tooltip": "",
    "wType": "Label",
    "zindex": 1
}