{
    "@class": "com.kony.gen.viz.model.component.KVizLabel",
    "DNDConfig": null,
    "_height_": {
        "type": "ref",
        "value": "preferred"
    },
    "_left_": {
        "type": "string",
        "value": "0"
    },
    "_margin_": [
        1,
        1,
        1,
        1
    ],
    "_padding_": [
        0,
        0,
        0,
        0
    ],
    "_skin_": "s63fa2ae11c64542bfbd247b2c751c3a",
    "_text_": "Label",
    "_top_": {
        "type": "string",
        "value": "0"
    },
    "_width_": {
        "type": "ref",
        "value": "preferred"
    },
    "_wrapping_": 2,
    "android": {
        "textStyle": {
            "letterSpacing": 0,
            "strikeThrough": false
        }
    },
    "canUpdateUI": true,
    "centery": {
        "type": "number",
        "value": ""
    },
    "containerweight": 100,
    "contentalignment": 4,
    "desktopweb": {
        "psp": {}
    },
    "disabledSkins": {},
    "hoverskin": "",
    "id": "lblViewMore",
    "info": null,
    "ipad": {
        "psp": {
            "wrapping": 2
        }
    },
    "iphone": {
        "psp": {
            "wrapping": 2
        }
    },
    "iscustomlayout": false,
    "isvisible": true,
    "kuid": "f96a4fef1ce54e49802ce95eea8a7273",
    "name": "kony.ui.Label",
    "parent": "flxViewMore",
    "pf": "frmEvents",
    "responsiveData": {
        "b1": {
            "centerY": {
                "type": "string",
                "value": "200.00%"
            },
            "desktopweb": {
                "psp": {
                    "hoverSkin": "s40ef05ae3704ebabafbb33eba8c6e58"
                }
            },
            "disabledSkins": {},
            "left": {
                "type": "string",
                "value": "73dp"
            },
            "skin": "s1e9e757c88941c1ab09837fc87e9c70",
            "text": "View More",
            "top": {
                "type": "string",
                "value": "75dp"
            }
        }
    },
    "retaincontentalignment": false,
    "retainflexpositionproperties": false,
    "tooltip": "",
    "wType": "Label"
}