{
    "DNDConfig": null,
    "_height_": {
        "type": "string",
        "value": "100dp"
    },
    "_left_": {
        "type": "string",
        "value": "10dp"
    },
    "_margin_": [
        0,
        0,
        0,
        0
    ],
    "_orientation_": 6,
    "_padding_": [
        0,
        0,
        0,
        0
    ],
    "_percent_": true,
    "_skin_": "s8a50a5a3e1f4c1fa87a82d7a15ceaa3",
    "_top_": {
        "type": "string",
        "value": "450dp"
    },
    "_width_": {
        "type": "string",
        "value": "100%"
    },
    "allboxes": [],
    "canUpdateUI": true,
    "centerx": {
        "type": "string",
        "value": "50%"
    },
    "children": [
        "CopylblOrganizerInfo0bd99bf0e839d4b",
        "CopytxtAreaOrganizerInfo0a562736c8d5f4e"
    ],
    "clipbounds": false,
    "containerweight": 100,
    "enablescrolling": true,
    "id": "organizerInfo",
    "info": null,
    "iscustomlayout": false,
    "isvisible": true,
    "kuid": "f3ed53ac13e14035b68ccc1de4aa697b",
    "layouttype": 2,
    "name": "kony.ui.FlexContainer",
    "parent": "flxCreateEventBody",
    "pf": "frmEvents",
    "responsiveData": {
        "b1": {
            "centerX": {
                "type": "string",
                "value": "50%"
            },
            "height": {
                "type": "string",
                "value": "70dp"
            },
            "top": {
                "type": "string",
                "value": "330dp"
            },
            "width": {
                "type": "string",
                "value": "95%"
            }
        },
        "b2": {
            "top": {
                "type": "string",
                "value": "470dp"
            }
        },
        "b3655060512": {
            "top": {
                "type": "string",
                "value": "520dp"
            }
        },
        "b4": {
            "centerX": {
                "type": "string",
                "value": "50.00%"
            },
            "height": {
                "type": "string",
                "value": "70dp"
            },
            "top": {
                "type": "string",
                "value": "320dp"
            }
        }
    },
    "retaincontentalignment": false,
    "retainflexpositionproperties": false,
    "retainflowhorizontalalignment": false,
    "snapgridsize": 10,
    "snaptogrid": true,
    "wType": "FlexContainer",
    "widgetalignment": 1
}