{
  "operationConfig" : {
    "name" : "createguests8377",
    "type" : "MappedToBackend",
    "cachable" : false,
    "smsEnabled" : false,
    "security" : "authorized_app_user",
    "responseEncoding" : "UTF-8",
    "httpMethod" : "GET",
    "decodeResponseBody" : false,
    "referencingEndpoint" : "default",
    "inputs" : [ {
      "id" : "guestname",
      "scope" : "request",
      "dataType" : "string",
      "encode" : true,
      "passNull" : false,
      "isExtended" : false
    }, {
      "id" : "gender",
      "scope" : "request",
      "dataType" : "string",
      "encode" : true,
      "passNull" : false,
      "isExtended" : false
    }, {
      "id" : "country",
      "scope" : "request",
      "dataType" : "string",
      "encode" : true,
      "passNull" : false,
      "isExtended" : false
    }, {
      "id" : "dob",
      "scope" : "request",
      "dataType" : "date",
      "encode" : true,
      "passNull" : false,
      "isExtended" : false
    }, {
      "id" : "address",
      "scope" : "request",
      "dataType" : "string",
      "encode" : true,
      "passNull" : false,
      "isExtended" : false
    }, {
      "id" : "photo",
      "scope" : "request",
      "dataType" : "string",
      "encode" : true,
      "passNull" : false,
      "isExtended" : false
    }, {
      "id" : "gmail",
      "scope" : "request",
      "dataType" : "string",
      "encode" : true,
      "passNull" : false,
      "isExtended" : false
    }, {
      "id" : "phone",
      "scope" : "request",
      "dataType" : "string",
      "encode" : true,
      "passNull" : false,
      "isExtended" : false
    } ],
    "applyCommonMapping" : true,
    "applyRequestCommonMapping" : true,
    "applyResponseCommonMapping" : true,
    "entityMetadata" : "{\"entityAttributeTypeList\":[{\"name\":\"guestid\",\"jdbcType\":4,\"columnTypeName\":\"serial\",\"columnDecimalDigits\":0,\"autoGenerated\":true,\"creatable\":false,\"updatable\":false,\"primary\":true,\"softDelete\":false,\"lastModified\":false},{\"name\":\"guestname\",\"jdbcType\":12,\"columnTypeName\":\"varchar\",\"columnDecimalDigits\":0,\"autoGenerated\":false,\"creatable\":true,\"updatable\":true,\"primary\":false,\"softDelete\":false,\"lastModified\":false},{\"name\":\"gender\",\"jdbcType\":12,\"columnTypeName\":\"varchar\",\"columnDecimalDigits\":0,\"autoGenerated\":false,\"creatable\":true,\"updatable\":true,\"primary\":false,\"softDelete\":false,\"lastModified\":false},{\"name\":\"country\",\"jdbcType\":12,\"columnTypeName\":\"varchar\",\"columnDecimalDigits\":0,\"autoGenerated\":false,\"creatable\":true,\"updatable\":true,\"primary\":false,\"softDelete\":false,\"lastModified\":false},{\"name\":\"dob\",\"jdbcType\":91,\"columnTypeName\":\"date\",\"columnDecimalDigits\":0,\"autoGenerated\":false,\"creatable\":true,\"updatable\":true,\"primary\":false,\"softDelete\":false,\"lastModified\":false},{\"name\":\"address\",\"jdbcType\":12,\"columnTypeName\":\"varchar\",\"columnDecimalDigits\":0,\"autoGenerated\":false,\"creatable\":true,\"updatable\":true,\"primary\":false,\"softDelete\":false,\"lastModified\":false},{\"name\":\"photo\",\"jdbcType\":12,\"columnTypeName\":\"varchar\",\"columnDecimalDigits\":0,\"autoGenerated\":false,\"creatable\":true,\"updatable\":true,\"primary\":false,\"softDelete\":false,\"lastModified\":false},{\"name\":\"gmail\",\"jdbcType\":12,\"columnTypeName\":\"varchar\",\"columnDecimalDigits\":0,\"autoGenerated\":false,\"creatable\":true,\"updatable\":true,\"primary\":false,\"softDelete\":false,\"lastModified\":false},{\"name\":\"phone\",\"jdbcType\":12,\"columnTypeName\":\"varchar\",\"columnDecimalDigits\":0,\"autoGenerated\":false,\"creatable\":true,\"updatable\":true,\"primary\":false,\"softDelete\":false,\"lastModified\":false}],\"relationshipTypeList\":[{\"targetEntityType\":{\"name\":\"event_invitations\",\"schemaName\":\"public\"},\"relationshipAttributeTypeList\":[{\"sourceEntityAttributeType\":{\"name\":\"guestid\",\"jdbcType\":0,\"columnDecimalDigits\":0,\"autoGenerated\":false,\"creatable\":false,\"updatable\":false,\"primary\":false,\"softDelete\":false,\"lastModified\":false},\"targetEntityAttributeType\":{\"name\":\"guestid\",\"jdbcType\":0,\"columnDecimalDigits\":0,\"autoGenerated\":false,\"creatable\":false,\"updatable\":false,\"primary\":false,\"softDelete\":false,\"lastModified\":false}}],\"cascadeDelete\":true,\"relationshipType\":\"ONE_TO_MANY\"}],\"name\":\"guests\",\"schemaName\":\"public\",\"entityType\":\"com.kony.rdbms.metadata.model.AnnotatedTable\"}",
    "opcode" : "create",
    "backendMeta" : {
      "qualifiedObjectName" : "public.guests",
      "backendObjectName" : "guests"
    },
    "relationshipHierarchyMapping" : {
      "children" : [ {
        "children" : [ ],
        "name" : "event_invitations",
        "actions" : {
          "create" : true,
          "update" : true
        },
        "selected" : true
      } ],
      "name" : "guests",
      "actions" : {
        "create" : true,
        "update" : true
      },
      "selected" : true
    },
    "requestXmlMappingOverride" : false,
    "responseXmlMappingOverride" : false,
    "mapperData" : [ {
      "name" : "base mapper1",
      "order" : 1,
      "requestXmlMappingOverride" : false,
      "responseXmlMappingOverride" : false,
      "disabled" : false,
      "applyCommonMapping" : true,
      "applyRequestCommonMapping" : true,
      "applyResponseCommonMapping" : true
    } ]
  },
  "enableFrontendUrl" : false,
  "customVerb" : false
}