{
  "operationConfig" : {
    "name" : "queryguests6712",
    "type" : "MappedToBackend",
    "cachable" : false,
    "smsEnabled" : false,
    "security" : "authorized_app_user",
    "responseEncoding" : "UTF-8",
    "httpMethod" : "GET",
    "decodeResponseBody" : false,
    "referencingEndpoint" : "default",
    "odata" : [ {
      "id" : "$select",
      "dataType" : "string",
      "encode" : true,
      "accessType" : "readonly",
      "isExtended" : false
    }, {
      "id" : "$filter",
      "dataType" : "string",
      "encode" : true,
      "accessType" : "readonly",
      "isExtended" : false
    }, {
      "id" : "$orderby",
      "dataType" : "string",
      "encode" : true,
      "accessType" : "readonly",
      "isExtended" : false
    }, {
      "id" : "$top",
      "dataType" : "string",
      "encode" : true,
      "accessType" : "readonly",
      "isExtended" : false
    }, {
      "id" : "$skip",
      "dataType" : "string",
      "encode" : true,
      "accessType" : "readonly",
      "isExtended" : false
    }, {
      "id" : "$expand",
      "dataType" : "string",
      "encode" : true,
      "accessType" : "readonly",
      "isExtended" : false
    }, {
      "id" : "$batchid",
      "dataType" : "string",
      "encode" : true,
      "accessType" : "readonly",
      "isExtended" : false
    }, {
      "id" : "$batchsize",
      "dataType" : "string",
      "encode" : true,
      "accessType" : "readonly",
      "isExtended" : false
    } ],
    "iMapping" : "<?xml version=\"1.0\" encoding=\"UTF-8\" standalone=\"yes\"?><mapper xmlns=\"http://www.kony.com/ns/mapper\"><map inputpath=\"request_in\" outputpath=\"request_out\"><exec-function name=\"kony.gen.obj.guests.toLOBFields\"/><exec-function name=\"kony.gen.obj.guests__metadata.toLOBFields\"/><map inputpath=\"event_invitations\" outputpath=\"event_invitations\"><exec-function name=\"kony.gen.obj.event_invitations.toLOBFields\"/><exec-function name=\"kony.gen.obj.event_invitations__metadata.toLOBFields\"/></map></map></mapper>",
    "oMapping" : "<?xml version=\"1.0\" encoding=\"UTF-8\" standalone=\"yes\"?><mapper xmlns=\"http://www.kony.com/ns/mapper\"><map inputpath=\"response_in\" outputpath=\"response_out\"><map inputpath=\"guests\" outputpath=\"guests\"><exec-function name=\"kony.gen.obj.guests.fromLOBFields\"/><map inputpath=\"event_invitations\" outputpath=\"event_invitations\"><exec-function name=\"kony.gen.obj.event_invitations.fromLOBFields\"/></map></map></map></mapper>",
    "applyCommonMapping" : true,
    "applyRequestCommonMapping" : true,
    "applyResponseCommonMapping" : true,
    "entityMetadata" : "{\"entityAttributeTypeList\":[{\"name\":\"guestid\",\"jdbcType\":4,\"columnTypeName\":\"serial\",\"columnDecimalDigits\":0,\"autoGenerated\":true,\"creatable\":false,\"updatable\":false,\"primary\":true,\"softDelete\":false,\"lastModified\":false},{\"name\":\"guestname\",\"jdbcType\":12,\"columnTypeName\":\"varchar\",\"columnDecimalDigits\":0,\"autoGenerated\":false,\"creatable\":true,\"updatable\":true,\"primary\":false,\"softDelete\":false,\"lastModified\":false},{\"name\":\"gender\",\"jdbcType\":12,\"columnTypeName\":\"varchar\",\"columnDecimalDigits\":0,\"autoGenerated\":false,\"creatable\":true,\"updatable\":true,\"primary\":false,\"softDelete\":false,\"lastModified\":false},{\"name\":\"country\",\"jdbcType\":12,\"columnTypeName\":\"varchar\",\"columnDecimalDigits\":0,\"autoGenerated\":false,\"creatable\":true,\"updatable\":true,\"primary\":false,\"softDelete\":false,\"lastModified\":false},{\"name\":\"dob\",\"jdbcType\":91,\"columnTypeName\":\"date\",\"columnDecimalDigits\":0,\"autoGenerated\":false,\"creatable\":true,\"updatable\":true,\"primary\":false,\"softDelete\":false,\"lastModified\":false},{\"name\":\"address\",\"jdbcType\":12,\"columnTypeName\":\"varchar\",\"columnDecimalDigits\":0,\"autoGenerated\":false,\"creatable\":true,\"updatable\":true,\"primary\":false,\"softDelete\":false,\"lastModified\":false},{\"name\":\"photo\",\"jdbcType\":12,\"columnTypeName\":\"varchar\",\"columnDecimalDigits\":0,\"autoGenerated\":false,\"creatable\":true,\"updatable\":true,\"primary\":false,\"softDelete\":false,\"lastModified\":false},{\"name\":\"gmail\",\"jdbcType\":12,\"columnTypeName\":\"varchar\",\"columnDecimalDigits\":0,\"autoGenerated\":false,\"creatable\":true,\"updatable\":true,\"primary\":false,\"softDelete\":false,\"lastModified\":false},{\"name\":\"phone\",\"jdbcType\":12,\"columnTypeName\":\"varchar\",\"columnDecimalDigits\":0,\"autoGenerated\":false,\"creatable\":true,\"updatable\":true,\"primary\":false,\"softDelete\":false,\"lastModified\":false}],\"relationshipTypeList\":[{\"targetEntityType\":{\"name\":\"event_invitations\",\"schemaName\":\"public\"},\"relationshipAttributeTypeList\":[{\"sourceEntityAttributeType\":{\"name\":\"guestid\",\"jdbcType\":0,\"columnDecimalDigits\":0,\"autoGenerated\":false,\"creatable\":false,\"updatable\":false,\"primary\":false,\"softDelete\":false,\"lastModified\":false},\"targetEntityAttributeType\":{\"name\":\"guestid\",\"jdbcType\":0,\"columnDecimalDigits\":0,\"autoGenerated\":false,\"creatable\":false,\"updatable\":false,\"primary\":false,\"softDelete\":false,\"lastModified\":false}}],\"cascadeDelete\":true,\"relationshipType\":\"ONE_TO_MANY\"}],\"name\":\"guests\",\"schemaName\":\"public\",\"entityType\":\"com.kony.rdbms.metadata.model.AnnotatedTable\"}",
    "opcode" : "query",
    "backendMeta" : {
      "qualifiedObjectName" : "public.guests",
      "backendObjectName" : "guests"
    },
    "relationshipHierarchyMapping" : {
      "children" : [ {
        "actionsAllSelected" : true,
        "children" : [ ],
        "name" : "event_invitations",
        "actions" : {
          "get" : true
        },
        "actionsPartiallySelected" : false,
        "selected" : true
      } ],
      "name" : "guests",
      "actions" : {
        "get" : true
      },
      "selected" : true
    },
    "requestXmlMappingOverride" : false,
    "responseXmlMappingOverride" : false,
    "mapperData" : [ {
      "name" : "base mapper1",
      "order" : 1,
      "iMapping" : "<?xml version=\"1.0\" encoding=\"UTF-8\" standalone=\"yes\"?><mapper xmlns=\"http://www.kony.com/ns/mapper\"><map inputpath=\"request_in\" outputpath=\"request_out\"><exec-function name=\"kony.gen.obj.guests.toLOBFields\"/><exec-function name=\"kony.gen.obj.guests__metadata.toLOBFields\"/><map inputpath=\"event_invitations\" outputpath=\"event_invitations\"><exec-function name=\"kony.gen.obj.event_invitations.toLOBFields\"/><exec-function name=\"kony.gen.obj.event_invitations__metadata.toLOBFields\"/></map></map></mapper>",
      "oMapping" : "<?xml version=\"1.0\" encoding=\"UTF-8\" standalone=\"yes\"?><mapper xmlns=\"http://www.kony.com/ns/mapper\"><map inputpath=\"response_in\" outputpath=\"response_out\"><map inputpath=\"guests\" outputpath=\"guests\"><exec-function name=\"kony.gen.obj.guests.fromLOBFields\"/><map inputpath=\"event_invitations\" outputpath=\"event_invitations\"><exec-function name=\"kony.gen.obj.event_invitations.fromLOBFields\"/></map></map></map></mapper>",
      "requestXmlMappingOverride" : false,
      "responseXmlMappingOverride" : false,
      "disabled" : false,
      "applyCommonMapping" : false,
      "applyRequestCommonMapping" : true,
      "applyResponseCommonMapping" : true
    } ]
  },
  "enableFrontendUrl" : false,
  "customVerb" : false
}