{
  "operationConfig" : {
    "name" : "createeventinvitations2492",
    "type" : "MappedToBackend",
    "cachable" : false,
    "smsEnabled" : false,
    "security" : "authorized_app_user",
    "responseEncoding" : "UTF-8",
    "httpMethod" : "GET",
    "decodeResponseBody" : false,
    "referencingEndpoint" : "default",
    "inputs" : [ {
      "id" : "eventid",
      "scope" : "request",
      "dataType" : "number",
      "encode" : true,
      "passNull" : false,
      "isExtended" : false
    }, {
      "id" : "guestid",
      "scope" : "request",
      "dataType" : "number",
      "encode" : true,
      "passNull" : false,
      "isExtended" : false
    }, {
      "id" : "status",
      "scope" : "request",
      "dataType" : "string",
      "encode" : true,
      "passNull" : false,
      "isExtended" : false
    }, {
      "id" : "isaccepted",
      "scope" : "request",
      "dataType" : "boolean",
      "encode" : true,
      "passNull" : false,
      "isExtended" : false
    }, {
      "id" : "eventdate",
      "scope" : "request",
      "dataType" : "date",
      "encode" : true,
      "passNull" : false,
      "isExtended" : false
    } ],
    "applyCommonMapping" : true,
    "applyRequestCommonMapping" : true,
    "applyResponseCommonMapping" : true,
    "entityMetadata" : "{\"entityAttributeTypeList\":[{\"name\":\"invitationid\",\"jdbcType\":4,\"columnTypeName\":\"serial\",\"columnDecimalDigits\":0,\"autoGenerated\":true,\"creatable\":false,\"updatable\":false,\"primary\":true,\"softDelete\":false,\"lastModified\":false},{\"name\":\"eventid\",\"jdbcType\":4,\"columnTypeName\":\"int4\",\"columnDecimalDigits\":0,\"autoGenerated\":false,\"creatable\":true,\"updatable\":true,\"primary\":false,\"softDelete\":false,\"lastModified\":false},{\"name\":\"guestid\",\"jdbcType\":4,\"columnTypeName\":\"int4\",\"columnDecimalDigits\":0,\"autoGenerated\":false,\"creatable\":true,\"updatable\":true,\"primary\":false,\"softDelete\":false,\"lastModified\":false},{\"name\":\"status\",\"jdbcType\":12,\"columnTypeName\":\"varchar\",\"columnDecimalDigits\":0,\"autoGenerated\":false,\"creatable\":true,\"updatable\":true,\"primary\":false,\"softDelete\":false,\"lastModified\":false},{\"name\":\"isaccepted\",\"jdbcType\":-7,\"columnTypeName\":\"bool\",\"columnDecimalDigits\":0,\"autoGenerated\":false,\"creatable\":true,\"updatable\":true,\"primary\":false,\"softDelete\":false,\"lastModified\":false},{\"name\":\"eventdate\",\"jdbcType\":91,\"columnTypeName\":\"date\",\"columnDecimalDigits\":0,\"autoGenerated\":false,\"creatable\":true,\"updatable\":true,\"primary\":false,\"softDelete\":false,\"lastModified\":false}],\"relationshipTypeList\":[],\"name\":\"event_invitations\",\"schemaName\":\"public\",\"entityType\":\"com.kony.rdbms.metadata.model.AnnotatedTable\"}",
    "opcode" : "create",
    "backendMeta" : {
      "qualifiedObjectName" : "public.event_invitations",
      "backendObjectName" : "event_invitations"
    },
    "relationshipHierarchyMapping" : {
      "children" : [ ],
      "name" : "event_invitations",
      "actions" : {
        "create" : true,
        "update" : true
      },
      "selected" : true
    },
    "requestXmlMappingOverride" : false,
    "responseXmlMappingOverride" : false,
    "mapperData" : [ {
      "name" : "base mapper1",
      "order" : 1,
      "requestXmlMappingOverride" : false,
      "responseXmlMappingOverride" : false,
      "disabled" : false,
      "applyCommonMapping" : true,
      "applyRequestCommonMapping" : true,
      "applyResponseCommonMapping" : true
    } ]
  },
  "enableFrontendUrl" : false,
  "customVerb" : false
}