[ {
  "name" : "eventdate",
  "sourceFieldname" : "eventdate",
  "description" : "eventdate",
  "dataType" : "date",
  "hasIndex" : false,
  "unique" : false,
  "primarykey" : false,
  "namefield" : false,
  "nullable" : false,
  "custom" : false,
  "createable" : true,
  "updateable" : true,
  "audit" : false,
  "customizable" : false,
  "fieldLength" : 13,
  "precision" : 0,
  "fieldOrder" : 0,
  "fieldProperties" : {
    "autoGenerated" : "false"
  },
  "etag" : "92fc89a2-3c1c-4169-a7ee-b40a56ba8d2d",
  "isExtended" : false
}, {
  "name" : "eventid",
  "sourceFieldname" : "eventid",
  "description" : "eventid",
  "dataType" : "number",
  "hasIndex" : false,
  "unique" : false,
  "primarykey" : false,
  "namefield" : false,
  "nullable" : false,
  "custom" : false,
  "createable" : true,
  "updateable" : true,
  "audit" : false,
  "customizable" : false,
  "fieldLength" : 10,
  "precision" : 0,
  "fieldOrder" : 0,
  "fieldProperties" : {
    "autoGenerated" : "false"
  },
  "etag" : "86e9f470-12b1-4c73-aa5b-91d17133228c",
  "isExtended" : false
}, {
  "name" : "guestid",
  "sourceFieldname" : "guestid",
  "description" : "guestid",
  "dataType" : "number",
  "hasIndex" : false,
  "unique" : false,
  "primarykey" : false,
  "namefield" : false,
  "nullable" : false,
  "custom" : false,
  "createable" : true,
  "updateable" : true,
  "audit" : false,
  "customizable" : false,
  "fieldLength" : 10,
  "precision" : 0,
  "fieldOrder" : 0,
  "fieldProperties" : {
    "autoGenerated" : "false"
  },
  "etag" : "01008a17-2073-4fc3-8589-1d85ed1a43c1",
  "isExtended" : false
}, {
  "name" : "invitationid",
  "sourceFieldname" : "invitationid",
  "description" : "invitationid",
  "dataType" : "number",
  "hasIndex" : false,
  "unique" : false,
  "primarykey" : true,
  "namefield" : false,
  "nullable" : false,
  "custom" : false,
  "createable" : false,
  "updateable" : false,
  "audit" : false,
  "customizable" : false,
  "fieldLength" : 10,
  "precision" : 0,
  "fieldOrder" : 0,
  "fieldProperties" : {
    "autoGenerated" : "true"
  },
  "etag" : "2df52c85-d8f7-4fca-817d-63d191549a23",
  "isExtended" : false
}, {
  "name" : "isaccepted",
  "sourceFieldname" : "isaccepted",
  "description" : "isaccepted",
  "dataType" : "boolean",
  "hasIndex" : false,
  "unique" : false,
  "primarykey" : false,
  "namefield" : false,
  "nullable" : true,
  "custom" : false,
  "createable" : true,
  "updateable" : true,
  "audit" : false,
  "customizable" : false,
  "fieldLength" : 1,
  "precision" : 0,
  "fieldOrder" : 0,
  "fieldProperties" : {
    "autoGenerated" : "false"
  },
  "etag" : "9b1ec985-8c33-4288-9d91-da35af1d62b4",
  "isExtended" : false
}, {
  "name" : "status",
  "sourceFieldname" : "status",
  "description" : "status",
  "dataType" : "string",
  "hasIndex" : false,
  "unique" : false,
  "primarykey" : false,
  "namefield" : false,
  "nullable" : true,
  "custom" : false,
  "createable" : true,
  "updateable" : true,
  "audit" : false,
  "customizable" : false,
  "fieldLength" : 20,
  "precision" : 0,
  "fieldOrder" : 0,
  "fieldProperties" : {
    "autoGenerated" : "false"
  },
  "etag" : "f7f1f2fb-89b3-4cee-a90f-b44d75450eae",
  "isExtended" : false
} ]