{
  "type" : "lob",
  "custom" : false,
  "junction" : false,
  "customizable" : false,
  "verbs" : {
    "get" : "getMapping",
    "update" : "updateMapping",
    "create" : "createMapping",
    "delete" : "deleteMapping"
  },
  "entityProperties" : {
    "BatchMode" : "pagination",
    "backendMeta" : {
      "backendObjectName" : "event_invitations",
      "qualifiedName" : "public.event_invitations",
      "metadataformatterobject" : "{\"displayName\":\"event_invitations\",\"qualifiedName\":\"public.event_invitations\",\"entityType\":\"com.kony.rdbms.metadata.model.AnnotatedTable\",\"name\":\"event_invitations\",\"schemaName\":\"public\",\"tableName\":\"event_invitations\"}"
    },
    "designTimeBackendMeta" : {
      "backendObjectName" : "event_invitations",
      "qualifiedName" : "public.event_invitations",
      "metadataformatterobject" : "{\"displayName\":\"event_invitations\",\"qualifiedName\":\"public.event_invitations\",\"entityType\":\"com.kony.rdbms.metadata.model.AnnotatedTable\",\"name\":\"event_invitations\",\"schemaName\":\"public\",\"tableName\":\"event_invitations\"}"
    }
  },
  "commonMappings" : [ {
    "sourceFieldName" : "eventid",
    "targetField" : "eventid",
    "type" : "request_response"
  }, {
    "sourceFieldName" : "invitationid",
    "targetField" : "invitationid",
    "type" : "request_response"
  }, {
    "sourceFieldName" : "isaccepted",
    "targetField" : "isaccepted",
    "type" : "request_response"
  }, {
    "sourceFieldName" : "guestid",
    "targetField" : "guestid",
    "type" : "request_response"
  }, {
    "sourceFieldName" : "eventdate",
    "targetField" : "eventdate",
    "type" : "request_response"
  }, {
    "sourceFieldName" : "status",
    "targetField" : "status",
    "type" : "request_response"
  } ]
}