{
    "@class": "com.kony.gen.viz.model.component.KVizButton",
    "DNDConfig": null,
    "_height_": {
        "type": "string",
        "value": "30dp"
    },
    "_left_": {
        "type": "string",
        "value": "0"
    },
    "_margin_": [
        6,
        6,
        6,
        6
    ],
    "_padding_": [
        0,
        0,
        0,
        0
    ],
    "_skin_": "s5fd7fc153b64ef0bedc39acd5c53e59",
    "_text_": "Mobile App",
    "_top_": {
        "type": "string",
        "value": "175dp"
    },
    "_width_": {
        "type": "string",
        "value": "90%"
    },
    "canUpdateUI": true,
    "centerx": {
        "type": "string",
        "value": "50%"
    },
    "containerweight": 100,
    "contentalignment": 5,
    "displaytext": true,
    "focusskin": "s89e9665293845bbbd1a1ea1f25e0cd1",
    "id": "Button0fdd42b63107749",
    "info": null,
    "iscustomlayout": false,
    "isvisible": true,
    "kuid": "i3d94ed8ecb0408b8346b0910371e813",
    "name": "kony.ui.Button",
    "parent": "flxExperience",
    "pf": "frmDashBoard",
    "retaincontentalignment": false,
    "retainflexpositionproperties": false,
    "wType": "Button"
}