{
    "@class": "com.kony.gen.viz.model.component.KVizButton",
    "DNDConfig": null,
    "_height_": {
        "type": "string",
        "value": "30dp"
    },
    "_left_": {
        "type": "string",
        "value": "148dp"
    },
    "_margin_": [
        6,
        6,
        6,
        6
    ],
    "_padding_": [
        0,
        0,
        0,
        0
    ],
    "_skin_": "s2c664ebd41c42f5a02787a38534cfe9",
    "_text_": "Get Started",
    "_top_": {
        "type": "string",
        "value": "178dp"
    },
    "_width_": {
        "type": "string",
        "value": "38%"
    },
    "canUpdateUI": true,
    "containerweight": 100,
    "contentalignment": 5,
    "displaytext": true,
    "focusskin": "s89e9665293845bbbd1a1ea1f25e0cd1",
    "id": "Button0jda61bc3f9bd48",
    "info": null,
    "iscustomlayout": false,
    "isvisible": true,
    "kuid": "b274f303b44e40f0bb26cc2be3d1f7bc",
    "name": "kony.ui.Button",
    "parent": "flxFlightBooking",
    "pf": "frmDashBoard",
    "retaincontentalignment": false,
    "retainflexpositionproperties": false,
    "wType": "Button"
}