{
    "@class": "com.kony.gen.viz.model.component.KVizButton",
    "DNDConfig": null,
    "_height_": {
        "type": "string",
        "value": "30dp"
    },
    "_left_": {
        "type": "string",
        "value": "20dp"
    },
    "_margin_": [
        6,
        6,
        6,
        6
    ],
    "_padding_": [
        0,
        0,
        0,
        0
    ],
    "_skin_": "sb80da53f55c4d7a9d777c783fa8b3f1",
    "_text_": "cancel",
    "_top_": {
        "type": "string",
        "value": "87%"
    },
    "_width_": {
        "type": "string",
        "value": "30%"
    },
    "canUpdateUI": true,
    "containerweight": 100,
    "contentalignment": 5,
    "displaytext": true,
    "focusskin": "s89e9665293845bbbd1a1ea1f25e0cd1",
    "id": "Button0i1bfc5725c5348",
    "info": null,
    "iscustomlayout": false,
    "isvisible": false,
    "kuid": "abc7994e1f214082a8c861ba8f9d1f5a",
    "name": "kony.ui.Button",
    "parent": "flx5",
    "pf": "frmDashBoard",
    "retaincontentalignment": false,
    "retainflexpositionproperties": false,
    "wType": "Button"
}