{
    "DNDConfig": null,
    "_height_": {
        "type": "string",
        "value": "180dp"
    },
    "_left_": {
        "type": "string",
        "value": "0"
    },
    "_margin_": [
        0,
        0,
        0,
        0
    ],
    "_orientation_": 6,
    "_padding_": [
        0,
        0,
        0,
        0
    ],
    "_percent_": true,
    "_skin_": "sa61d4365f204e649fc0de24d3f0abd1",
    "_top_": {
        "type": "string",
        "value": "50dp"
    },
    "_width_": {
        "type": "string",
        "value": "100%"
    },
    "allboxes": [],
    "autogrowmode": 0,
    "canUpdateUI": true,
    "children": [
        "CopyFlexContainer0e3dd1e9955214a",
        "lblName",
        "lblActi",
        "lblLocation",
        "lblStartTime",
        "lblEndTime",
        "CopyFLXNames0fec3b00322e647",
        "CopyFLXNames0e92d5421e6194c",
        "flxStartTime",
        "CopyflxTableTme0d2a3d36f331749",
        "flxEndTime"
    ],
    "clipbounds": false,
    "containerweight": 100,
    "enablescrolling": true,
    "id": "Copyflxtable0j575812cfa5341",
    "info": null,
    "iscustomlayout": false,
    "isvisible": true,
    "kuid": "if29d9947b674f77993e227ab3360c0e",
    "layouttype": 2,
    "name": "kony.ui.FlexContainer",
    "parent": "flx6",
    "pf": "frmDashBoard",
    "retaincontentalignment": false,
    "retainflexpositionproperties": false,
    "retainflowhorizontalalignment": false,
    "snapgridsize": 10,
    "snaptogrid": true,
    "wType": "FlexContainer",
    "widgetalignment": 1
}