{
    "DNDConfig": null,
    "_height_": {
        "type": "string",
        "value": "40dp"
    },
    "_left_": {
        "type": "string",
        "value": "0"
    },
    "_margin_": [
        0,
        0,
        0,
        0
    ],
    "_orientation_": 6,
    "_padding_": [
        0,
        0,
        0,
        0
    ],
    "_percent_": true,
    "_skin_": "s28e576bbb0d4e09b0f0bff7c2f93a6f",
    "_top_": {
        "type": "string",
        "value": "150dp"
    },
    "_width_": {
        "type": "string",
        "value": "90%"
    },
    "allboxes": [],
    "autogrowmode": 0,
    "canUpdateUI": true,
    "centerx": {
        "type": "string",
        "value": "50%"
    },
    "children": [
        "CopyImage0g5b8a24977084d",
        "CopyLabel0g1df32ad4c2f4b",
        "CopyLabel0e551b01cc30748",
        "CopyEllipsisV0i58a79e55a2e41"
    ],
    "clipbounds": false,
    "containerweight": 100,
    "enablescrolling": true,
    "id": "CopyFlexContainer0f7b0820d9de249",
    "info": null,
    "iscustomlayout": false,
    "isvisible": true,
    "kuid": "a13cb89bc7d64452b9b918c1195dea6b",
    "layouttype": 2,
    "name": "kony.ui.FlexContainer",
    "parent": "flxTeammembers",
    "pf": "frmDashBoard",
    "retaincontentalignment": false,
    "retainflexpositionproperties": false,
    "retainflowhorizontalalignment": false,
    "snapgridsize": 10,
    "snaptogrid": true,
    "wType": "FlexContainer",
    "widgetalignment": 1
}