{
    "DNDConfig": null,
    "_height_": {
        "type": "string",
        "value": "80%"
    },
    "_left_": {
        "type": "string",
        "value": "10dp"
    },
    "_margin_": [
        0,
        0,
        0,
        0
    ],
    "_orientation_": 6,
    "_padding_": [
        0,
        0,
        0,
        0
    ],
    "_percent_": true,
    "_skin_": "se54a688dd3248a3b5f3166cb02109e5",
    "_top_": {
        "type": "string",
        "value": "30dp"
    },
    "_width_": {
        "type": "string",
        "value": "39%"
    },
    "allboxes": [],
    "autogrowmode": 0,
    "canUpdateUI": true,
    "children": [
        "img1",
        "lbl1",
        "img2",
        "lbl2",
        "img3",
        "lbl3",
        "img4",
        "lbl4",
        "img5",
        "lbl5"
    ],
    "clipbounds": false,
    "containerweight": 100,
    "enablescrolling": true,
    "id": "CopyFLXNames0fec3b00322e647",
    "info": null,
    "iscustomlayout": false,
    "isvisible": true,
    "kuid": "abd87fcd2f2146ae9ab06178492e68c7",
    "layouttype": 2,
    "name": "kony.ui.FlexContainer",
    "parent": "Copyflxtable0j575812cfa5341",
    "pf": "frmDashBoard",
    "retaincontentalignment": false,
    "retainflexpositionproperties": false,
    "retainflowhorizontalalignment": false,
    "snapgridsize": 10,
    "snaptogrid": true,
    "wType": "FlexContainer",
    "widgetalignment": 1
}