{
    "DNDConfig": null,
    "_height_": {
        "type": "string",
        "value": "30dp"
    },
    "_left_": {
        "type": "string",
        "value": "110dp"
    },
    "_margin_": [
        0,
        0,
        0,
        0
    ],
    "_orientation_": 6,
    "_padding_": [
        0,
        0,
        0,
        0
    ],
    "_percent_": true,
    "_skin_": "sf2f10650e75494a8eb95cca6a8e0baa",
    "_top_": {
        "type": "string",
        "value": "130dp"
    },
    "_width_": {
        "type": "string",
        "value": "38%"
    },
    "allboxes": [],
    "autogrowmode": 0,
    "canUpdateUI": true,
    "children": [
        "CopyImage0ac3cb7ab3da74e",
        "CopyLabel0b94a02c0f01848"
    ],
    "clipbounds": false,
    "containerweight": 100,
    "enablescrolling": true,
    "id": "CopyFlexContainer0g495e757eeca4c",
    "info": null,
    "iscustomlayout": false,
    "isvisible": true,
    "kuid": "dd305dd0414b4175b59ea5fd112d737b",
    "layouttype": 2,
    "name": "kony.ui.FlexContainer",
    "parent": "flxFlightBooking",
    "pf": "frmDashBoard",
    "retaincontentalignment": false,
    "retainflexpositionproperties": false,
    "retainflowhorizontalalignment": false,
    "snapgridsize": 10,
    "snaptogrid": true,
    "wType": "FlexContainer",
    "widgetalignment": 1
}