{
    "@class": "com.kony.gen.viz.model.component.KVizTextBox2",
    "DNDConfig": null,
    "_height_": {
        "type": "string",
        "value": "10%"
    },
    "_left_": {
        "type": "string",
        "value": "0"
    },
    "_margin_": [
        0,
        0,
        0,
        0
    ],
    "_padding_": [
        3,
        0,
        0,
        0
    ],
    "_placeholder_": "Minister of Labour",
    "_skin_": "s1c182cf1b9947ffa749b56f495814d5",
    "_text_": "",
    "_top_": {
        "type": "string",
        "value": "38%"
    },
    "_width_": {
        "type": "string",
        "value": "90%"
    },
    "autocapitalize": "none",
    "autocomplete": false,
    "autocorrect": false,
    "autofilter": false,
    "canUpdateUI": true,
    "centerx": {
        "type": "string",
        "value": "50%"
    },
    "containerheight": "",
    "containerheightmode": 1,
    "containerweight": 100,
    "contentalignment": 4,
    "desktopweb": {
        "placeholderSkin": "s290782f81c4466485f857d718d71ead"
    },
    "disabledSkins": {},
    "focusskin": "s171dbd3572b4154a1b3b8243b1c203a",
    "id": "CopyTextField0idb4ba0ab9934c",
    "info": null,
    "iscustomlayout": false,
    "isvisible": false,
    "keyboardtype": "A",
    "kuid": "h1efa5b132844316966db8dd73c59e87",
    "mode": "A",
    "name": "kony.ui.TextBox2",
    "parent": "flx5",
    "pf": "frmDashBoard",
    "placeholderskin": "s290782f81c4466485f857d718d71ead",
    "retaincontentalignment": false,
    "retainflexpositionproperties": false,
    "securetextentry": false,
    "textinputmode": "A",
    "tooltip": "",
    "viewtype": "default",
    "wType": "TextField"
}