{
    "DNDConfig": null,
    "_height_": {
        "type": "string",
        "value": "40dp"
    },
    "_left_": {
        "type": "string",
        "value": "0"
    },
    "_margin_": [
        0,
        0,
        0,
        0
    ],
    "_orientation_": 6,
    "_padding_": [
        0,
        0,
        0,
        0
    ],
    "_percent_": true,
    "_skin_": "s28e576bbb0d4e09b0f0bff7c2f93a6f",
    "_top_": {
        "type": "string",
        "value": "100dp"
    },
    "_width_": {
        "type": "string",
        "value": "90%"
    },
    "allboxes": [],
    "autogrowmode": 0,
    "canUpdateUI": true,
    "centerx": {
        "type": "string",
        "value": "50%"
    },
    "children": [
        "CopyImage0a5f8a5c72f8d41",
        "CopyLabel0f6b2af4a04b747",
        "CopyLabel0f703f6968b604b",
        "CopyEllipsisV0i0eb40301cfa43"
    ],
    "clipbounds": false,
    "containerweight": 100,
    "enablescrolling": true,
    "id": "CopyFlexContainer0i9d64b486bbc41",
    "info": null,
    "iscustomlayout": false,
    "isvisible": true,
    "kuid": "i194539569344d208a068ab92effce2f",
    "layouttype": 2,
    "name": "kony.ui.FlexContainer",
    "parent": "flxTeammembers",
    "pf": "frmDashBoard",
    "retaincontentalignment": false,
    "retainflexpositionproperties": false,
    "retainflowhorizontalalignment": false,
    "snapgridsize": 10,
    "snaptogrid": true,
    "wType": "FlexContainer",
    "widgetalignment": 1
}