{
    "@class": "com.kony.gen.viz.model.component.KVizButton",
    "DNDConfig": null,
    "_height_": {
        "type": "string",
        "value": "30dp"
    },
    "_left_": {
        "type": "string",
        "value": "170dp"
    },
    "_margin_": [
        6,
        6,
        6,
        6
    ],
    "_padding_": [
        0,
        0,
        0,
        0
    ],
    "_skin_": "sa8366c948e840d9a3c92e90d6abf6c6",
    "_text_": "create",
    "_top_": {
        "type": "string",
        "value": "87%"
    },
    "_width_": {
        "type": "string",
        "value": "30%"
    },
    "canUpdateUI": true,
    "containerweight": 100,
    "contentalignment": 5,
    "displaytext": true,
    "focusskin": "s89e9665293845bbbd1a1ea1f25e0cd1",
    "id": "CopyButton0dbb221656fab44",
    "info": null,
    "iscustomlayout": false,
    "isvisible": false,
    "kuid": "b1265d2a4e4d4342b2edb18ea450c87a",
    "name": "kony.ui.Button",
    "parent": "flx5",
    "pf": "frmDashBoard",
    "retaincontentalignment": false,
    "retainflexpositionproperties": false,
    "wType": "Button"
}