{
    "DNDConfig": null,
    "_height_": {
        "type": "string",
        "value": "27dp"
    },
    "_left_": {
        "type": "string",
        "value": "0"
    },
    "_margin_": [
        0,
        0,
        0,
        0
    ],
    "_orientation_": 6,
    "_padding_": [
        0,
        0,
        0,
        0
    ],
    "_percent_": true,
    "_skin_": "s9656f2b461f47e091579b455edeedef",
    "_top_": {
        "type": "string",
        "value": "98dp"
    },
    "_width_": {
        "type": "string",
        "value": "90%"
    },
    "allboxes": [],
    "autogrowmode": 0,
    "canUpdateUI": true,
    "centerx": {
        "type": "string",
        "value": "50%"
    },
    "children": [
        "CopyLabel0j6b618b596f64b",
        "CopyEllipsisV0ad45b8d5ed1f47",
        "CheckSquareDark"
    ],
    "clipbounds": false,
    "containerweight": 100,
    "enablescrolling": true,
    "id": "CopyFlexContainer0c9d024d47b3946",
    "info": null,
    "iscustomlayout": false,
    "isvisible": true,
    "kuid": "f40bca641c6b4cfa9c036de16b8feefb",
    "layouttype": 2,
    "name": "kony.ui.FlexContainer",
    "parent": "flxHotelBooking",
    "pf": "frmDashBoard",
    "retaincontentalignment": false,
    "retainflexpositionproperties": false,
    "retainflowhorizontalalignment": false,
    "snapgridsize": 10,
    "snaptogrid": true,
    "wType": "FlexContainer",
    "widgetalignment": 1
}