{
    "DNDConfig": null,
    "_height_": {
        "type": "string",
        "value": "1dp"
    },
    "_left_": {
        "type": "string",
        "value": "0"
    },
    "_margin_": [
        0,
        0,
        0,
        0
    ],
    "_orientation_": 6,
    "_padding_": [
        0,
        0,
        0,
        0
    ],
    "_percent_": true,
    "_skin_": "s445be05b9ea4e768c2224570dc263ad",
    "_top_": {
        "type": "string",
        "value": "25dp"
    },
    "_width_": {
        "type": "string",
        "value": "100%"
    },
    "allboxes": [],
    "autogrowmode": 0,
    "canUpdateUI": true,
    "children": [],
    "clipbounds": false,
    "containerweight": 100,
    "enablescrolling": true,
    "id": "CopyFlexContainer0e3dd1e9955214a",
    "info": null,
    "iscustomlayout": false,
    "isvisible": true,
    "kuid": "ibf62aedbcf6467998c521c0c20b8f18",
    "layouttype": 2,
    "name": "kony.ui.FlexContainer",
    "parent": "Copyflxtable0j575812cfa5341",
    "pf": "frmDashBoard",
    "retaincontentalignment": false,
    "retainflexpositionproperties": false,
    "retainflowhorizontalalignment": false,
    "snapgridsize": 10,
    "snaptogrid": true,
    "wType": "FlexContainer",
    "widgetalignment": 1
}