{
    "DNDConfig": null,
    "_height_": {
        "type": "string",
        "value": "27dp"
    },
    "_left_": {
        "type": "string",
        "value": "0"
    },
    "_margin_": [
        0,
        0,
        0,
        0
    ],
    "_orientation_": 6,
    "_padding_": [
        0,
        0,
        0,
        0
    ],
    "_percent_": true,
    "_skin_": "s9656f2b461f47e091579b455edeedef",
    "_top_": {
        "type": "string",
        "value": "195dp"
    },
    "_width_": {
        "type": "string",
        "value": "90%"
    },
    "allboxes": [],
    "autogrowmode": 0,
    "canUpdateUI": true,
    "centerx": {
        "type": "string",
        "value": "50%"
    },
    "children": [
        "CopyLabel0a293579b115e46",
        "CopyEllipsisV0d79fe404f77845",
        "CopyCheckSquareDark0c6a1366b902548"
    ],
    "clipbounds": false,
    "containerweight": 100,
    "enablescrolling": true,
    "id": "CopyFlexContainer0b10990eae7d144",
    "info": null,
    "iscustomlayout": false,
    "isvisible": true,
    "kuid": "c68cf0d6ee2847ad89ad480fc98d7210",
    "layouttype": 2,
    "name": "kony.ui.FlexContainer",
    "parent": "flxHotelBooking",
    "pf": "frmDashBoard",
    "retaincontentalignment": false,
    "retainflexpositionproperties": false,
    "retainflowhorizontalalignment": false,
    "snapgridsize": 10,
    "snaptogrid": true,
    "wType": "FlexContainer",
    "widgetalignment": 1
}