{
    "@class": "com.kony.gen.viz.model.component.KVizUserWidget",
    "DNDConfig": null,
    "_children_": [],
    "_height_": {
        "type": "string",
        "value": "640dp"
    },
    "_left_": {
        "type": "string",
        "value": "0"
    },
    "_margin_": [
        0,
        0,
        0,
        0
    ],
    "_orientation_": 1,
    "_padding_": [
        0,
        0,
        0,
        0
    ],
    "_percent_": true,
    "_skin_": "s71129ee6eb14bf5b3fd5ea6d5a83c92",
    "_top_": {
        "type": "string",
        "value": "0"
    },
    "_width_": {
        "type": "string",
        "value": "200dp"
    },
    "areflexpropsreferenced": false,
    "canUpdateUI": true,
    "clipbounds": false,
    "containerweight": 0,
    "dataDiffs": {
        "CopyFlexContainer0j1e94719e19f40": {
            "__events__": {},
            "__info__": {
                "kuid": "d6f55ab015524a75bcf1c34e5380c774",
                "srcKUID": "e2c5b23e7f2b4006841fbb95121acd69",
                "wType": "FlexContainer"
            }
        },
        "CopyImage0d9bba22f7bc242": {
            "__events__": {},
            "__info__": {
                "kuid": "ff8c7d94551042208e8f235f822e084d",
                "srcKUID": "g841a82b712c42479553236a4ba51705",
                "wType": "Image"
            }
        },
        "CopyLabel0aa5907ffd34440": {
            "__events__": {},
            "__info__": {
                "kuid": "h79154d660b04c74be8e8c73c90c536b",
                "srcKUID": "j5c752c223174b539f9ab878f18d42f8",
                "wType": "Label"
            },
            "responsiveData": {
                "b1": {},
                "b2": {},
                "b3": {}
            }
        },
        "CopyLabel0e3c88c6973e540": {
            "__events__": {},
            "__info__": {
                "kuid": "b78640289b844a1d8704388e6771755c",
                "srcKUID": "fd7a27022a5545998a4d7184e2a02c82",
                "wType": "Label"
            },
            "responsiveData": {
                "b1": {},
                "b2": {},
                "b3": {}
            }
        },
        "CopyLabel0f274cc3e8c7b47": {
            "__events__": {},
            "__info__": {
                "kuid": "f0103c77301d42d78a04722323118663",
                "srcKUID": "df213d6247714dda88d8068d43888717",
                "wType": "Label"
            },
            "responsiveData": {
                "b1": {},
                "b2": {},
                "b3": {}
            }
        },
        "CopyLabel0f56312b7d33146": {
            "__events__": {},
            "__info__": {
                "kuid": "g657692b220b431a8d140d691a13e6d2",
                "srcKUID": "i0d3da5a4ec742479ba3d984f836e0a6",
                "wType": "Label"
            }
        },
        "CopyLabel0fa12692a4b6249": {
            "__events__": {},
            "__info__": {
                "kuid": "ccd0e88e1348451b8ecb621794d9717e",
                "srcKUID": "d6e8c5a51d464ac4af0d9bd32f23ec01",
                "wType": "Label"
            },
            "responsiveData": {
                "b1": {},
                "b2": {},
                "b3": {}
            }
        },
        "CopyLabel0fbdc31ee316a46": {
            "__events__": {},
            "__info__": {
                "kuid": "c06986f7d3fa4b16a54529b24ed1b0eb",
                "srcKUID": "d03133375a674a98a961e36ca89a5d66",
                "wType": "Label"
            },
            "responsiveData": {
                "b1": {},
                "b2": {
                    "width": {
                        "type": "string",
                        "value": "60%"
                    }
                },
                "b3": {}
            }
        },
        "CopyLabel0g763ca1b3c3042": {
            "__events__": {},
            "__info__": {
                "kuid": "d225b12dc9e84cf08a53f1030c88f05f",
                "srcKUID": "dcc9e65ff0464222adf2d322a1768b57",
                "wType": "Label"
            }
        },
        "CopyflxCircle0h4eb5316bb1444": {
            "__events__": {},
            "__info__": {
                "kuid": "e6fa252eb5d746e3ae4cdcb263e35825",
                "srcKUID": "j90f8fb683144d4fbf8ef443b06c2cea",
                "wType": "FlexContainer"
            }
        },
        "CopyflxCreateVisitors0a4a96864952042": {
            "__events__": {},
            "__info__": {
                "kuid": "jd1b131d6a69433d813b9d392ae77134",
                "srcKUID": "jd4fdbd8244c4747afd4d8d05f84ce75",
                "wType": "FlexContainer"
            },
            "responsiveData": {
                "b1": {},
                "b2": {},
                "b3": {}
            }
        },
        "CopyflxDAshboard0b0675ce33fe742": {
            "__events__": {},
            "__info__": {
                "kuid": "efad4b68a3444a8c87968a8ee9c16fdd",
                "srcKUID": "cb2bee76da0d4974bfbffe7e202c5c96",
                "wType": "FlexContainer"
            },
            "responsiveData": {
                "b1": {},
                "b2": {},
                "b3": {}
            }
        },
        "CopyflxEvent0b4cfc15bbaf040": {
            "__events__": {},
            "__info__": {
                "kuid": "j26069978c434be28a99f6600a41d66f",
                "srcKUID": "fc4f7e3be5e8445eba5c7073f6efa746",
                "wType": "FlexContainer"
            },
            "responsiveData": {
                "b1": {},
                "b2": {},
                "b3": {}
            }
        },
        "CopyflxFlightBooking0d33bf0f113be4d": {
            "__events__": {},
            "__info__": {
                "kuid": "ga7d8d45d53b4604af3ca85cc240f695",
                "srcKUID": "f6049b3a758f443e8e5d4525dead8806",
                "wType": "FlexContainer"
            }
        },
        "CopyflxFlightBooking0eebaaebe72954b": {
            "__events__": {},
            "__info__": {
                "kuid": "cac67988e43b40be85704d6131dcb8e1",
                "srcKUID": "fe1a963d4f0c4ec4a525f1756e41a86c",
                "wType": "FlexContainer"
            },
            "responsiveData": {
                "b1": {},
                "b2": {},
                "b3": {}
            }
        },
        "CopyflxHotelBooking0e3be977e75274d": {
            "__events__": {},
            "__info__": {
                "kuid": "fccf9e1fa2d14855b36511e38cae90a8",
                "srcKUID": "c176c605c5094d938da103c40128116a",
                "wType": "FlexContainer"
            },
            "responsiveData": {
                "b1": {},
                "b2": {},
                "b3": {}
            }
        },
        "CopyflxLogout0d5021e088a6f43": {
            "__events__": {},
            "__info__": {
                "kuid": "h5fb067394c8474cbba436cdf06c6598",
                "srcKUID": "a01f38ff4d3e4683b643872145703819",
                "wType": "FlexContainer"
            },
            "responsiveData": {
                "b1": {},
                "b4": {}
            }
        },
        "CopyflxMenuList0c5d7a9978f2f49": {
            "__events__": {},
            "__info__": {
                "kuid": "i32a3b61a01946e3a34f50ab985c7b77",
                "srcKUID": "bc5c5694c55941eb8e4c60ead1ea8eb8",
                "wType": "FlexContainer"
            },
            "responsiveData": {
                "b1": {},
                "b3": {}
            }
        },
        "CopyflxProfile0e8438150aa744a": {
            "__events__": {},
            "__info__": {
                "kuid": "ab1b6f0480844561a2f5b5d5fa5a3383",
                "srcKUID": "d5a13235c43d4639a3fcff599bf23311",
                "wType": "FlexContainer"
            },
            "responsiveData": {
                "b1": {},
                "b2": {
                    "skin": "s48a182d5647486682d599b0d5fa5a36"
                },
                "b3": {}
            }
        },
        "CopyflxguestList0h32c408009a74e": {
            "__events__": {},
            "__info__": {
                "kuid": "de91689e36db46ec86e686b617b7abf1",
                "srcKUID": "b7451ee6cd974f939e2890104138043f",
                "wType": "FlexContainer"
            },
            "responsiveData": {
                "b1": {
                    "centerX": {
                        "type": "string",
                        "value": "50.00%"
                    }
                },
                "b2": {
                    "centerX": {
                        "type": "string",
                        "value": "50%"
                    }
                },
                "b3": {
                    "centerX": {
                        "type": "string",
                        "value": "49.96%"
                    }
                }
            }
        },
        "CopyflximgLogo0if051cf4ba214f": {
            "__events__": {},
            "__info__": {
                "kuid": "g9e861345b904c4f85ef6e3a962f8023",
                "srcKUID": "c782c3a94cee44feafcf951e88827fd9",
                "wType": "FlexContainer"
            }
        },
        "CopyimgHome0bb108b3257b446": {
            "__events__": {},
            "__info__": {
                "kuid": "h9adf8b27b344c2a84aecb04cb600672",
                "srcKUID": "bcad334f9d3a4a59aabc25ca5e098af2",
                "wType": "Image"
            }
        },
        "CopyimgHome0ceb5544e154a41": {
            "__events__": {},
            "__info__": {
                "kuid": "a117a2c1d6bb4882aaf375565919ae73",
                "srcKUID": "ee292a0f2d3942deb553efead5b86838",
                "wType": "Image"
            }
        },
        "CopyimgHome0e8b92e0fde214a": {
            "__events__": {},
            "__info__": {
                "kuid": "cf43656b07b940ecac53df8faaa35bea",
                "srcKUID": "d739667c21534d82bb404d549e028775",
                "wType": "Image"
            }
        },
        "CopyimgHome0f2a50767e55345": {
            "__events__": {},
            "__info__": {
                "kuid": "ddeaf8d2f01444da86235fca5bf81dc6",
                "srcKUID": "d1d5e04d61404bce910841314a19e34d",
                "wType": "Image"
            }
        },
        "CopyimgHome0j7c3ff9023f048": {
            "__events__": {},
            "__info__": {
                "kuid": "a12b300502594a939aecc14ee92fbc32",
                "srcKUID": "hc0d26e59b4e4b238932e9ee73746197",
                "wType": "Image"
            }
        },
        "Copyimglogo0b7898c2168d24c": {
            "__events__": {},
            "__info__": {
                "kuid": "b92620c585d44007af86a8f06132602b",
                "srcKUID": "c7c607b43d6543b9b2c356120481c30d",
                "wType": "Image"
            }
        },
        "CopylblAddEvent0c599afd977bc47": {
            "__events__": {},
            "__info__": {
                "kuid": "e719605e97a34311a2c0e9e33c7049d3",
                "srcKUID": "af77a5920d5d42acb8b7d379a9c32dab",
                "wType": "Label"
            },
            "responsiveData": {
                "b1": {},
                "b2": {},
                "b3": {}
            }
        },
        "CopylblEvent0e015a77dfebc4c": {
            "__events__": {},
            "__info__": {
                "kuid": "dddb0751ec5040958b7e0e47e55be0b5",
                "srcKUID": "ef50748145b049dbaf614bed3be695b4",
                "wType": "Label"
            },
            "responsiveData": {
                "b1": {},
                "b2": {},
                "b3": {}
            }
        },
        "CopylblFlightBooking0jf78a1e7f9c74c": {
            "__events__": {},
            "__info__": {
                "kuid": "ga285631f9a94e8e98ca4a62a25334cb",
                "srcKUID": "a6a23886d732424783f9d6b5ed3b31ec",
                "wType": "Label"
            },
            "responsiveData": {
                "b1": {},
                "b2": {
                    "width": {
                        "type": "string",
                        "value": "60%"
                    }
                },
                "b3": {}
            }
        },
        "FlexContainer0j37c0ecf03594e": {
            "__events__": {},
            "__info__": {
                "kuid": "a8ba47347fac4ec4b864c4df7ffbdca2",
                "srcKUID": "c01eb1c57bff498282d6b46e083b9462",
                "wType": "FlexContainer"
            }
        },
        "device1024": {
            "__events__": {},
            "__info__": {
                "isRoot": true,
                "kuid": "e6983e0f70014ec4bd61ab9c3f9745ff",
                "srcKUID": "e95efd5eddda4d7db6127dcde46acd71",
                "wType": "FlexContainer"
            },
            "responsiveData": {
                "b1": {
                    "isVisible": true,
                    "zIndex": 2
                },
                "b2": {
                    "isVisible": null,
                    "left": {
                        "type": "string",
                        "value": "0dp"
                    },
                    "top": {
                        "type": "string",
                        "value": "110dp"
                    },
                    "zIndex": 2
                },
                "b3": {
                    "isVisible": null,
                    "left": {
                        "type": "string",
                        "value": "-10dp"
                    },
                    "top": {
                        "type": "string",
                        "value": "100dp"
                    }
                },
                "b3655060512": {
                    "isVisible": null,
                    "left": {
                        "type": "string",
                        "value": "-10dp"
                    },
                    "top": {
                        "type": "string",
                        "value": "100dp"
                    }
                },
                "b4": {
                    "isVisible": null,
                    "left": {
                        "type": "string",
                        "value": "0dp"
                    },
                    "top": {
                        "type": "string",
                        "value": "0dp"
                    }
                },
                "b5": {}
            }
        },
        "flxCircle": {
            "__events__": {},
            "__info__": {
                "kuid": "ea5e299b05604e3395605bba23cddd11",
                "srcKUID": "a75fea3de9d04d16ab72c9acf66d39cf",
                "wType": "FlexContainer"
            }
        },
        "flxFlightBooking": {
            "__events__": {},
            "__info__": {
                "kuid": "adcea0f503774594a357162475ab60e6",
                "srcKUID": "b3bbb001f33446ba8be8556815f2f067",
                "wType": "FlexContainer"
            }
        },
        "flxGraph": {
            "__events__": {},
            "__info__": {
                "kuid": "af23b2e380a54ef797a235d120c46894",
                "srcKUID": "d3a1b3139c634605920ab8d92a186355",
                "wType": "FlexContainer"
            }
        },
        "flxHotelBooking": {
            "__events__": {},
            "__info__": {
                "kuid": "f18b42f35e1a4741b7af34f6d70ffb03",
                "srcKUID": "i6f567e91bfd4734b853d7d80a4ffd9c",
                "wType": "FlexContainer"
            }
        },
        "flxUserIcon": {
            "__events__": {},
            "__info__": {
                "kuid": "cab1dad9f5cb4de2bead127114a2c150",
                "srcKUID": "i6d05597b58e4cf1a4672ad8ab3cd447",
                "wType": "FlexContainer"
            }
        },
        "imgHome": {
            "__events__": {},
            "__info__": {
                "kuid": "g994f9ca51c04d5582ca7839d5cea369",
                "srcKUID": "i319ba405050490db6e9155034592a8a",
                "wType": "Image"
            }
        },
        "imgPlus": {
            "__events__": {},
            "__info__": {
                "kuid": "fd1d9f9c13dc4457a9176316f543ee0e",
                "srcKUID": "c69204e9dbe74f7b9ad1ffac2de077ad",
                "wType": "Image"
            }
        }
    },
    "enablescrolling": true,
    "id": "device1024",
    "info": null,
    "iscustomlayout": false,
    "isdatareferenced": false,
    "isvisible": true,
    "kuid": "e6983e0f70014ec4bd61ab9c3f9745ff",
    "layouttype": 2,
    "masterType": 0,
    "name": "kony.ui.UserWidgetInstance",
    "parent": "flxMain",
    "pf": "frmDashBoard",
    "retaincontentalignment": false,
    "retainflexpositionproperties": false,
    "retainflowhorizontalalignment": false,
    "snapgridsize": 10,
    "snaptogrid": true,
    "sourceUserWidget": "e95efd5eddda4d7db6127dcde46acd71",
    "wType": "UserWidgetInstance"
}