{
    "DNDConfig": null,
    "_height_": {
        "type": "string",
        "value": "40dp"
    },
    "_left_": {
        "type": "string",
        "value": "0"
    },
    "_margin_": [
        0,
        0,
        0,
        0
    ],
    "_orientation_": 6,
    "_padding_": [
        0,
        0,
        0,
        0
    ],
    "_percent_": true,
    "_skin_": "s28e576bbb0d4e09b0f0bff7c2f93a6f",
    "_top_": {
        "type": "string",
        "value": "50dp"
    },
    "_width_": {
        "type": "string",
        "value": "90%"
    },
    "allboxes": [],
    "autogrowmode": 0,
    "canUpdateUI": true,
    "centerx": {
        "type": "string",
        "value": "50%"
    },
    "children": [
        "Image0a9412fff24a74c",
        "Label0ebe6352359c547",
        "Label0dec55859ce9b46",
        "EllipsisV"
    ],
    "clipbounds": false,
    "containerweight": 100,
    "enablescrolling": true,
    "id": "FlexContainer0g82a374a613b42",
    "info": null,
    "iscustomlayout": false,
    "isvisible": true,
    "kuid": "c181b8e913af4cfa8f358e118389097b",
    "layouttype": 2,
    "name": "kony.ui.FlexContainer",
    "parent": "flxTeammembers",
    "pf": "frmDashBoard",
    "retaincontentalignment": false,
    "retainflexpositionproperties": false,
    "retainflowhorizontalalignment": false,
    "snapgridsize": 10,
    "snaptogrid": true,
    "wType": "FlexContainer",
    "widgetalignment": 1
}