{
    "DNDConfig": null,
    "_height_": {
        "type": "string",
        "value": "27dp"
    },
    "_left_": {
        "type": "string",
        "value": "0"
    },
    "_margin_": [
        0,
        0,
        0,
        0
    ],
    "_orientation_": 6,
    "_padding_": [
        0,
        0,
        0,
        0
    ],
    "_percent_": true,
    "_skin_": "s9656f2b461f47e091579b455edeedef",
    "_top_": {
        "type": "string",
        "value": "65dp"
    },
    "_width_": {
        "type": "string",
        "value": "90%"
    },
    "allboxes": [],
    "autogrowmode": 0,
    "canUpdateUI": true,
    "centerx": {
        "type": "string",
        "value": "50%"
    },
    "children": [
        "SquareLight",
        "Label0h9dc34ee11564e",
        "EllipsisV0e6fbf42cc1924a"
    ],
    "clipbounds": false,
    "containerweight": 100,
    "enablescrolling": true,
    "id": "FlexContainer0b58baaf4ffd249",
    "info": null,
    "iscustomlayout": false,
    "isvisible": true,
    "kuid": "f7ada778167348d89ab5d008f42e2fbd",
    "layouttype": 2,
    "name": "kony.ui.FlexContainer",
    "parent": "flxHotelBooking",
    "pf": "frmDashBoard",
    "retaincontentalignment": false,
    "retainflexpositionproperties": false,
    "retainflowhorizontalalignment": false,
    "snapgridsize": 10,
    "snaptogrid": true,
    "wType": "FlexContainer",
    "widgetalignment": 1
}