{
    "DNDConfig": null,
    "_height_": {
        "type": "string",
        "value": "30dp"
    },
    "_left_": {
        "type": "number",
        "value": "15"
    },
    "_margin_": [
        0,
        0,
        0,
        0
    ],
    "_orientation_": 6,
    "_padding_": [
        0,
        0,
        0,
        0
    ],
    "_percent_": true,
    "_skin_": "se54a688dd3248a3b5f3166cb02109e5",
    "_top_": {
        "type": "string",
        "value": "178dp"
    },
    "_width_": {
        "type": "string",
        "value": "35%"
    },
    "allboxes": [],
    "autogrowmode": 0,
    "canUpdateUI": true,
    "children": [
        "Image0a103970ae79b44"
    ],
    "clipbounds": false,
    "containerweight": 100,
    "enablescrolling": true,
    "id": "FlexContainer0b4cfa087f4c242",
    "info": null,
    "iscustomlayout": false,
    "isvisible": true,
    "kuid": "d8259781cca4458c8a6fb8aa76343f01",
    "layouttype": 2,
    "name": "kony.ui.FlexContainer",
    "parent": "flxFlightBooking",
    "pf": "frmDashBoard",
    "retaincontentalignment": false,
    "retainflexpositionproperties": false,
    "retainflowhorizontalalignment": false,
    "snapgridsize": 10,
    "snaptogrid": true,
    "wType": "FlexContainer",
    "widgetalignment": 1
}