{
    "DNDConfig": null,
    "_height_": {
        "type": "string",
        "value": "23%"
    },
    "_margin_": [
        0,
        0,
        0,
        0
    ],
    "_orientation_": 6,
    "_padding_": [
        0,
        0,
        0,
        0
    ],
    "_percent_": true,
    "_skin_": "s7e32df9c5e24e518dfbaa28a0ba557d",
    "_top_": {
        "type": "string",
        "value": "10dp"
    },
    "_width_": {
        "type": "string",
        "value": "16.50%"
    },
    "allboxes": [],
    "autogrowmode": 0,
    "canUpdateUI": true,
    "centerx": {
        "type": "string",
        "value": "10%"
    },
    "children": [
        "Image0b01bc210322842",
        "Label0abdfa9b5c1e543",
        "lblDecVisitors"
    ],
    "clipbounds": false,
    "containerweight": 100,
    "desktopweb": {
        "psp": {
            "hoverSkin": "seaacb02fa01403b8e559cfe6121442a"
        }
    },
    "disabledSkins": {},
    "enablescrolling": true,
    "id": "flx1",
    "info": null,
    "iscustomlayout": false,
    "isvisible": true,
    "kuid": "g3036d0b29624adf941e9bda33b1798b",
    "layouttype": 2,
    "name": "kony.ui.FlexContainer",
    "parent": "flxVisitors",
    "pf": "frmDashBoard",
    "retaincontentalignment": false,
    "retainflexpositionproperties": false,
    "retainflowhorizontalalignment": false,
    "snapgridsize": 10,
    "snaptogrid": true,
    "wType": "FlexContainer",
    "widgetalignment": 1
}