{
    "DNDConfig": null,
    "_height_": {
        "type": "string",
        "value": "23%"
    },
    "_left_": {
        "type": "string",
        "value": "0dp"
    },
    "_margin_": [
        0,
        0,
        0,
        0
    ],
    "_orientation_": 6,
    "_padding_": [
        0,
        0,
        0,
        0
    ],
    "_percent_": true,
    "_skin_": "s7e32df9c5e24e518dfbaa28a0ba557d",
    "_top_": {
        "type": "string",
        "value": "10dp"
    },
    "_width_": {
        "type": "string",
        "value": "16.50%"
    },
    "allboxes": [],
    "autogrowmode": 0,
    "canUpdateUI": true,
    "centerx": {
        "type": "string",
        "value": "28%"
    },
    "children": [
        "CopyImage0b8ce6c66b68143",
        "CopyLabel0g671b0e720a944",
        "lblWeek"
    ],
    "clipbounds": false,
    "containerweight": 100,
    "desktopweb": {
        "psp": {
            "hoverSkin": "sa4dfe0d62544cf8b5244d07c2d748c3"
        }
    },
    "disabledSkins": {},
    "enablescrolling": true,
    "id": "flx2",
    "info": null,
    "iscustomlayout": false,
    "isvisible": true,
    "kuid": "g00451476b7f4c16ac4e14fd76124151",
    "layouttype": 2,
    "name": "kony.ui.FlexContainer",
    "parent": "flxVisitors",
    "pf": "frmDashBoard",
    "retaincontentalignment": false,
    "retainflexpositionproperties": false,
    "retainflowhorizontalalignment": false,
    "snapgridsize": 10,
    "snaptogrid": true,
    "wType": "FlexContainer",
    "widgetalignment": 1
}