{
    "DNDConfig": null,
    "_height_": {
        "type": "string",
        "value": "23%"
    },
    "_left_": {
        "type": "string",
        "value": "0dp"
    },
    "_margin_": [
        0,
        0,
        0,
        0
    ],
    "_orientation_": 6,
    "_padding_": [
        0,
        0,
        0,
        0
    ],
    "_percent_": true,
    "_skin_": "s7e32df9c5e24e518dfbaa28a0ba557d",
    "_top_": {
        "type": "string",
        "value": "10dp"
    },
    "_width_": {
        "type": "string",
        "value": "16.50%"
    },
    "allboxes": [],
    "autogrowmode": 0,
    "canUpdateUI": true,
    "centerx": {
        "type": "string",
        "value": "46%"
    },
    "children": [
        "CopyImage0e1e6565365724b",
        "CopyLabel0c4b7d883e7b646",
        "lblToday"
    ],
    "clipbounds": false,
    "containerweight": 100,
    "enablescrolling": true,
    "id": "flx3",
    "info": null,
    "iscustomlayout": false,
    "isvisible": true,
    "kuid": "g875a161158f4c21b9e20147991d479f",
    "layouttype": 2,
    "name": "kony.ui.FlexContainer",
    "parent": "flxVisitors",
    "pf": "frmDashBoard",
    "retaincontentalignment": false,
    "retainflexpositionproperties": false,
    "retainflowhorizontalalignment": false,
    "snapgridsize": 10,
    "snaptogrid": true,
    "wType": "FlexContainer",
    "widgetalignment": 1
}