{
    "DNDConfig": null,
    "_height_": {
        "type": "string",
        "value": "70%"
    },
    "_left_": {
        "type": "string",
        "value": "0"
    },
    "_margin_": [
        0,
        0,
        0,
        0
    ],
    "_orientation_": 6,
    "_padding_": [
        0,
        0,
        0,
        0
    ],
    "_percent_": true,
    "_skin_": "sbaa770dd15848c0b7b8a6f668be9f1f",
    "_top_": {
        "type": "string",
        "value": "95dp"
    },
    "_width_": {
        "type": "string",
        "value": "48%"
    },
    "allboxes": [],
    "autogrowmode": 0,
    "canUpdateUI": true,
    "centerx": {
        "type": "string",
        "value": "26%"
    },
    "children": [
        "CopyLabel0ab576008f7fc46",
        "Copyflxtable0j575812cfa5341"
    ],
    "clipbounds": false,
    "containerweight": 100,
    "desktopweb": {
        "psp": {
            "hoverSkin": "s256de8f95e5443d9980343c845206eb"
        }
    },
    "disabledSkins": {},
    "enablescrolling": true,
    "id": "flx6",
    "info": null,
    "iscustomlayout": false,
    "isvisible": true,
    "kuid": "bb3639bff1bc47808aa3dbd57c00f5c1",
    "layouttype": 2,
    "name": "kony.ui.FlexContainer",
    "parent": "flxVisitors",
    "pf": "frmDashBoard",
    "retaincontentalignment": false,
    "retainflexpositionproperties": false,
    "retainflowhorizontalalignment": false,
    "snapgridsize": 10,
    "snaptogrid": true,
    "wType": "FlexContainer",
    "widgetalignment": 1
}