{
    "DNDConfig": null,
    "_height_": {
        "type": "string",
        "value": "95%"
    },
    "_left_": {
        "type": "string",
        "value": "0"
    },
    "_margin_": [
        0,
        0,
        0,
        0
    ],
    "_orientation_": 6,
    "_padding_": [
        0,
        0,
        0,
        0
    ],
    "_percent_": true,
    "_skin_": "sbaa770dd15848c0b7b8a6f668be9f1f",
    "_top_": {
        "type": "string",
        "value": "10dp"
    },
    "_width_": {
        "type": "string",
        "value": "48%"
    },
    "allboxes": [],
    "autogrowmode": 0,
    "canUpdateUI": true,
    "centerx": {
        "type": "string",
        "value": "26%"
    },
    "children": [
        "Label0a7b9cca2f95d41",
        "flxtable"
    ],
    "clipbounds": false,
    "containerweight": 100,
    "desktopweb": {
        "psp": {
            "hoverSkin": "s27a81e0c8f04771af87592f34157aa3"
        }
    },
    "disabledSkins": {},
    "enablescrolling": true,
    "id": "flxAAS1",
    "info": null,
    "iscustomlayout": false,
    "isvisible": true,
    "kuid": "a62df2e53bc241d78bb04bcab1a71b8a",
    "layouttype": 2,
    "name": "kony.ui.FlexContainer",
    "parent": "flxActivityApprovalStaus",
    "pf": "frmDashBoard",
    "retaincontentalignment": false,
    "retainflexpositionproperties": false,
    "retainflowhorizontalalignment": false,
    "snapgridsize": 10,
    "snaptogrid": true,
    "wType": "FlexContainer",
    "widgetalignment": 1
}