{
    "DNDConfig": null,
    "_height_": {
        "type": "string",
        "value": "260dp"
    },
    "_left_": {
        "type": "string",
        "value": "0"
    },
    "_margin_": [
        0,
        0,
        0,
        0
    ],
    "_orientation_": 6,
    "_padding_": [
        0,
        0,
        0,
        0
    ],
    "_percent_": true,
    "_skin_": "s87b4f4d094d4955921a2f39d0e9fc8f",
    "_top_": {
        "type": "string",
        "value": "410dp"
    },
    "_width_": {
        "type": "string",
        "value": "100%"
    },
    "allboxes": [],
    "autogrowmode": 0,
    "canUpdateUI": true,
    "children": [
        "flxAAS1",
        "flxHotelBooking",
        "Copyflx0c1f6c4c23ba348"
    ],
    "clipbounds": false,
    "containerweight": 100,
    "enablescrolling": true,
    "id": "flxActivityApprovalStaus",
    "info": null,
    "iscustomlayout": false,
    "isvisible": true,
    "kuid": "c96ae5f373bf43f289551ccf34f120d0",
    "layouttype": 2,
    "name": "kony.ui.FlexContainer",
    "parent": "flxSecond",
    "pf": "frmDashBoard",
    "retaincontentalignment": false,
    "retainflexpositionproperties": false,
    "retainflowhorizontalalignment": false,
    "snapgridsize": 10,
    "snaptogrid": true,
    "wType": "FlexContainer",
    "widgetalignment": 1
}