{
    "DNDConfig": null,
    "_height_": {
        "type": "string",
        "value": "95%"
    },
    "_left_": {
        "type": "string",
        "value": "0"
    },
    "_margin_": [
        0,
        0,
        0,
        0
    ],
    "_orientation_": 6,
    "_padding_": [
        0,
        0,
        0,
        0
    ],
    "_percent_": true,
    "_skin_": "se769937e0674c95b2061bf878c2e980",
    "_top_": {
        "type": "string",
        "value": "10dp"
    },
    "_width_": {
        "type": "string",
        "value": "22.50%"
    },
    "allboxes": [],
    "autogrowmode": 0,
    "canUpdateUI": true,
    "centerx": {
        "type": "string",
        "value": "61%"
    },
    "children": [
        "Image0ia650e3a0b1149",
        "Label0gc05a3a832dc41",
        "Label0f480cd29bf9741",
        "Button0fdd42b63107749"
    ],
    "clipbounds": false,
    "containerweight": 100,
    "enablescrolling": true,
    "id": "flxExperience",
    "info": null,
    "iscustomlayout": false,
    "isvisible": true,
    "kuid": "a085ad73fe4741a98511f1c0440f68ae",
    "layouttype": 2,
    "name": "kony.ui.FlexContainer",
    "parent": "flxThree",
    "pf": "frmDashBoard",
    "retaincontentalignment": false,
    "retainflexpositionproperties": false,
    "retainflowhorizontalalignment": false,
    "snapgridsize": 10,
    "snaptogrid": true,
    "wType": "FlexContainer",
    "widgetalignment": 1
}