{
    "DNDConfig": null,
    "_height_": {
        "type": "string",
        "value": "80%"
    },
    "_left_": {
        "type": "string",
        "value": "490dp"
    },
    "_margin_": [
        0,
        0,
        0,
        0
    ],
    "_orientation_": 6,
    "_padding_": [
        0,
        0,
        0,
        0
    ],
    "_percent_": true,
    "_skin_": "se54a688dd3248a3b5f3166cb02109e5",
    "_top_": {
        "type": "string",
        "value": "30dp"
    },
    "_width_": {
        "type": "string",
        "value": "12%"
    },
    "allboxes": [],
    "autogrowmode": 0,
    "canUpdateUI": true,
    "children": [
        "CopyFlexGroup0a40eeedd2cda48",
        "CopyFlexGroup0e3cbd970b61f47",
        "CopyFlexGroup0b228da109b1045",
        "CopyFlexGroup0j2e87505073e4c",
        "CopyFlexGroup0bca66c512f7e4a"
    ],
    "clipbounds": false,
    "containerweight": 100,
    "enablescrolling": true,
    "id": "flxEndTime",
    "info": null,
    "iscustomlayout": false,
    "isvisible": true,
    "kuid": "f7a1bf975ec34793be8a4a59d956c96a",
    "layouttype": 2,
    "name": "kony.ui.FlexContainer",
    "parent": "Copyflxtable0j575812cfa5341",
    "pf": "frmDashBoard",
    "retaincontentalignment": false,
    "retainflexpositionproperties": false,
    "retainflowhorizontalalignment": false,
    "snapgridsize": 10,
    "snaptogrid": true,
    "wType": "FlexContainer",
    "widgetalignment": 1
}