{
    "DNDConfig": null,
    "_bottom_": {
        "type": "string",
        "value": "15dp"
    },
    "_height_": {
        "type": "string",
        "value": "25dp"
    },
    "_left_": {
        "type": "string",
        "value": "0dp"
    },
    "_margin_": [
        0,
        0,
        0,
        0
    ],
    "_orientation_": 6,
    "_padding_": [
        0,
        0,
        0,
        0
    ],
    "_percent_": true,
    "_skin_": "sd3191cad085427f922d05b0b7bde14e",
    "_width_": {
        "type": "string",
        "value": "100%"
    },
    "allboxes": [],
    "autogrowmode": 0,
    "canUpdateUI": true,
    "children": [
        "lblEvent1",
        "lblEvent2",
        "lblEvent3",
        "Event4",
        "Event5",
        "lblEvent6",
        "lblEvent7"
    ],
    "clipbounds": false,
    "containerweight": 100,
    "enablescrolling": true,
    "id": "flxEvents",
    "info": null,
    "iscustomlayout": false,
    "isvisible": true,
    "kuid": "ga6f120b2e524833a91bcfbf2d80387f",
    "layouttype": 2,
    "name": "kony.ui.FlexContainer",
    "parent": "flx7",
    "pf": "frmDashBoard",
    "retaincontentalignment": false,
    "retainflexpositionproperties": false,
    "retainflowhorizontalalignment": false,
    "snapgridsize": 10,
    "snaptogrid": true,
    "wType": "FlexContainer",
    "widgetalignment": 1
}