{
    "DNDConfig": null,
    "_height_": {
        "type": "string",
        "value": "95%"
    },
    "_left_": {
        "type": "string",
        "value": "0"
    },
    "_margin_": [
        0,
        0,
        0,
        0
    ],
    "_orientation_": 6,
    "_padding_": [
        0,
        0,
        0,
        0
    ],
    "_percent_": true,
    "_skin_": "se769937e0674c95b2061bf878c2e980",
    "_top_": {
        "type": "string",
        "value": "10dp"
    },
    "_width_": {
        "type": "string",
        "value": "22.50%"
    },
    "allboxes": [],
    "autogrowmode": 0,
    "canUpdateUI": true,
    "centerx": {
        "type": "string",
        "value": "13.50%"
    },
    "children": [
        "Image0j96b80aa56644c",
        "Label0j53d6164f6e440",
        "Label0f17b59662a3c44",
        "CopyLabel0dd2b8c6e324a47",
        "FlexContainer0jb1b68d3ac5d45",
        "CopyFlexContainer0g495e757eeca4c",
        "FlexContainer0b4cfa087f4c242",
        "Button0jda61bc3f9bd48"
    ],
    "clipbounds": false,
    "containerweight": 100,
    "enablescrolling": true,
    "id": "flxFlightBooking",
    "info": null,
    "iscustomlayout": false,
    "isvisible": true,
    "kuid": "ef8d0b68392f402d8eba213226cfea89",
    "layouttype": 2,
    "name": "kony.ui.FlexContainer",
    "parent": "flxThree",
    "pf": "frmDashBoard",
    "retaincontentalignment": false,
    "retainflexpositionproperties": false,
    "retainflowhorizontalalignment": false,
    "snapgridsize": 10,
    "snaptogrid": true,
    "wType": "FlexContainer",
    "widgetalignment": 1
}