{
    "DNDConfig": null,
    "_height_": {
        "type": "string",
        "value": "95%"
    },
    "_left_": {
        "type": "string",
        "value": "0"
    },
    "_margin_": [
        0,
        0,
        0,
        0
    ],
    "_orientation_": 6,
    "_padding_": [
        0,
        0,
        0,
        0
    ],
    "_percent_": true,
    "_skin_": "se769937e0674c95b2061bf878c2e980",
    "_top_": {
        "type": "string",
        "value": "10dp"
    },
    "_width_": {
        "type": "string",
        "value": "21%"
    },
    "allboxes": [],
    "autogrowmode": 0,
    "canUpdateUI": true,
    "centerx": {
        "type": "string",
        "value": "62%"
    },
    "children": [
        "Image0a75606814abf43",
        "Label0e57110b1f50d49",
        "Label0g3c7e4c828824d",
        "FlexContainer0g1464b087a9a4a",
        "FlexContainer0b58baaf4ffd249",
        "CopyFlexContainer0c9d024d47b3946",
        "CopyFlexContainer0ja56de8b7f2842",
        "CopyFlexContainer0f814c88eb4e443",
        "CopyFlexContainer0b10990eae7d144"
    ],
    "clipbounds": false,
    "containerweight": 100,
    "enablescrolling": true,
    "id": "flxHotelBooking",
    "info": null,
    "iscustomlayout": false,
    "isvisible": true,
    "kuid": "a50d63c96860454082e4a3d7620fb63f",
    "layouttype": 2,
    "name": "kony.ui.FlexContainer",
    "parent": "flxActivityApprovalStaus",
    "pf": "frmDashBoard",
    "retaincontentalignment": false,
    "retainflexpositionproperties": false,
    "retainflowhorizontalalignment": false,
    "snapgridsize": 10,
    "snaptogrid": true,
    "wType": "FlexContainer",
    "widgetalignment": 1
}