{
    "DNDConfig": null,
    "_height_": {
        "type": "string",
        "value": "90%"
    },
    "_left_": {
        "type": "string",
        "value": "20dp"
    },
    "_margin_": [
        0,
        0,
        0,
        0
    ],
    "_orientation_": 6,
    "_padding_": [
        0,
        0,
        0,
        0
    ],
    "_percent_": true,
    "_skin_": "s90ec931e8454b8381a4c1c360e2c765",
    "_width_": {
        "type": "string",
        "value": "20%"
    },
    "allboxes": [],
    "autogrowmode": 0,
    "canUpdateUI": true,
    "centery": {
        "type": "string",
        "value": "45%"
    },
    "children": [
        "Label0bbf9706dd42b44"
    ],
    "clipbounds": false,
    "containerweight": 100,
    "enablescrolling": true,
    "id": "flxlabels",
    "info": null,
    "iscustomlayout": false,
    "isvisible": true,
    "kuid": "c5a7db9236084401a8e5a11186403562",
    "layouttype": 2,
    "name": "kony.ui.FlexContainer",
    "parent": "flxHeading",
    "pf": "frmDashBoard",
    "retaincontentalignment": false,
    "retainflexpositionproperties": false,
    "retainflowhorizontalalignment": false,
    "snapgridsize": 10,
    "snaptogrid": true,
    "wType": "FlexContainer",
    "widgetalignment": 1
}