{
    "DNDConfig": null,
    "_height_": {
        "type": "string",
        "value": "95%"
    },
    "_left_": {
        "type": "string",
        "value": "0"
    },
    "_margin_": [
        0,
        0,
        0,
        0
    ],
    "_orientation_": 6,
    "_padding_": [
        0,
        0,
        0,
        0
    ],
    "_percent_": true,
    "_skin_": "se769937e0674c95b2061bf878c2e980",
    "_top_": {
        "type": "string",
        "value": "10dp"
    },
    "_width_": {
        "type": "string",
        "value": "22.50%"
    },
    "allboxes": [],
    "autogrowmode": 0,
    "canUpdateUI": true,
    "centerx": {
        "type": "string",
        "value": "37%"
    },
    "children": [
        "Label0d9299cf87ad240",
        "FlexContainer0g82a374a613b42",
        "CopyFlexContainer0i9d64b486bbc41",
        "CopyFlexContainer0f7b0820d9de249",
        "FlexGroup0he096fb74e7f48"
    ],
    "clipbounds": false,
    "containerweight": 100,
    "enablescrolling": true,
    "id": "flxTeammembers",
    "info": null,
    "iscustomlayout": false,
    "isvisible": true,
    "kuid": "adb8a1f97acd4288a7f07e3d5990bb7e",
    "layouttype": 2,
    "name": "kony.ui.FlexContainer",
    "parent": "flxThree",
    "pf": "frmDashBoard",
    "retaincontentalignment": false,
    "retainflexpositionproperties": false,
    "retainflowhorizontalalignment": false,
    "snapgridsize": 10,
    "snaptogrid": true,
    "wType": "FlexContainer",
    "widgetalignment": 1
}