{
    "DNDConfig": null,
    "_height_": {
        "type": "string",
        "value": "230dp"
    },
    "_left_": {
        "type": "string",
        "value": "0"
    },
    "_margin_": [
        0,
        0,
        0,
        0
    ],
    "_orientation_": 6,
    "_padding_": [
        0,
        0,
        0,
        0
    ],
    "_percent_": true,
    "_skin_": "se54a688dd3248a3b5f3166cb02109e5",
    "_top_": {
        "type": "string",
        "value": "670dp"
    },
    "_width_": {
        "type": "string",
        "value": "100%"
    },
    "allboxes": [],
    "autogrowmode": 0,
    "canUpdateUI": true,
    "children": [
        "flxStarbucks",
        "flxFlightBooking",
        "flxTeammembers",
        "flxExperience"
    ],
    "clipbounds": false,
    "containerweight": 100,
    "enablescrolling": true,
    "id": "flxThree",
    "info": null,
    "iscustomlayout": false,
    "isvisible": true,
    "kuid": "i08bed57f7f34b25b8ba8293e2c2b7bd",
    "layouttype": 2,
    "name": "kony.ui.FlexContainer",
    "parent": "flxSecond",
    "pf": "frmDashBoard",
    "retaincontentalignment": false,
    "retainflexpositionproperties": false,
    "retainflowhorizontalalignment": false,
    "snapgridsize": 10,
    "snaptogrid": true,
    "wType": "FlexContainer",
    "widgetalignment": 1
}