{
    "DNDConfig": null,
    "_height_": {
        "type": "string",
        "value": "80%"
    },
    "_left_": {
        "type": "string",
        "value": "320dp"
    },
    "_margin_": [
        0,
        0,
        0,
        0
    ],
    "_orientation_": 6,
    "_padding_": [
        0,
        0,
        0,
        0
    ],
    "_percent_": true,
    "_skin_": "se54a688dd3248a3b5f3166cb02109e5",
    "_top_": {
        "type": "string",
        "value": "30dp"
    },
    "_width_": {
        "type": "string",
        "value": "14%"
    },
    "allboxes": [],
    "autogrowmode": 0,
    "canUpdateUI": true,
    "children": [
        "FlexGroup0jee49ce8362f4b",
        "CopyFlexGroup0fa975c32857c42",
        "CopyFlexGroup0idc4b7017f0547",
        "CopyFlexGroup0a6b7203ecf2742"
    ],
    "clipbounds": false,
    "containerweight": 100,
    "enablescrolling": true,
    "id": "flxTableTme",
    "info": null,
    "iscustomlayout": false,
    "isvisible": true,
    "kuid": "b36673ed19bd451a89bf28a1a43a3e6f",
    "layouttype": 2,
    "name": "kony.ui.FlexContainer",
    "parent": "flxtable",
    "pf": "frmDashBoard",
    "retaincontentalignment": false,
    "retainflexpositionproperties": false,
    "retainflowhorizontalalignment": false,
    "snapgridsize": 10,
    "snaptogrid": true,
    "wType": "FlexContainer",
    "widgetalignment": 1
}