{
    "DNDConfig": null,
    "_height_": {
        "type": "string",
        "value": "80%"
    },
    "_left_": {
        "type": "string",
        "value": "430dp"
    },
    "_margin_": [
        0,
        0,
        0,
        0
    ],
    "_orientation_": 6,
    "_padding_": [
        0,
        0,
        0,
        0
    ],
    "_percent_": true,
    "_skin_": "se54a688dd3248a3b5f3166cb02109e5",
    "_top_": {
        "type": "string",
        "value": "30dp"
    },
    "_width_": {
        "type": "string",
        "value": "20%"
    },
    "allboxes": [],
    "autogrowmode": 0,
    "canUpdateUI": true,
    "children": [
        "CopyFlexGroup0da59ae43908c42",
        "CopyFlexGroup0f208b8c1b9e847",
        "CopyFlexGroup0dd123073bd8f4c",
        "CopyFlexGroup0f9063cb9b28e48"
    ],
    "clipbounds": false,
    "containerweight": 100,
    "enablescrolling": true,
    "id": "flxTableProgress",
    "info": null,
    "iscustomlayout": false,
    "isvisible": true,
    "kuid": "a8b0c7e1aab942949d905e2252da17fa",
    "layouttype": 2,
    "name": "kony.ui.FlexContainer",
    "parent": "flxtable",
    "pf": "frmDashBoard",
    "retaincontentalignment": false,
    "retainflexpositionproperties": false,
    "retainflowhorizontalalignment": false,
    "snapgridsize": 10,
    "snaptogrid": true,
    "wType": "FlexContainer",
    "widgetalignment": 1
}