{
    "DNDConfig": null,
    "_height_": {
        "type": "string",
        "value": "320dp"
    },
    "_left_": {
        "type": "string",
        "value": "0"
    },
    "_margin_": [
        0,
        0,
        0,
        0
    ],
    "_orientation_": 6,
    "_padding_": [
        0,
        0,
        0,
        0
    ],
    "_percent_": true,
    "_skin_": "s1cc27108f604ae1a4754cddac5820b9",
    "_top_": {
        "type": "string",
        "value": "80dp"
    },
    "_width_": {
        "type": "string",
        "value": "100%"
    },
    "allboxes": [],
    "autogrowmode": 0,
    "canUpdateUI": true,
    "children": [
        "flx1",
        "flx2",
        "flx3",
        "flx4",
        "flx5",
        "flx6",
        "flx7"
    ],
    "clipbounds": false,
    "containerweight": 100,
    "enablescrolling": true,
    "id": "flxVisitors",
    "info": null,
    "iscustomlayout": false,
    "isvisible": true,
    "kuid": "f3735d6b74714e54a3150aa9c1fc7180",
    "layouttype": 2,
    "name": "kony.ui.FlexContainer",
    "parent": "flxSecond",
    "pf": "frmDashBoard",
    "retaincontentalignment": false,
    "retainflexpositionproperties": false,
    "retainflowhorizontalalignment": false,
    "snapgridsize": 10,
    "snaptogrid": true,
    "wType": "FlexContainer",
    "widgetalignment": 1
}