{
    "@class": "com.kony.gen.viz.model.container.KVizScrollFlexForm",
    "DNDConfig": null,
    "_margin_": [
        0,
        0,
        0,
        0
    ],
    "_orientation_": 1,
    "_padding_": [
        0,
        0,
        0,
        0
    ],
    "_percent_": true,
    "_pxMenuIndex": [
        2,
        1,
        0
    ],
    "_skin_": "s0d83da2cc274fa4b665470ac7a5f4e8",
    "_title_": null,
    "addWidgetsdone": false,
    "allboxes": [],
    "android": {
        "needAppMenu": false,
        "psp": {
            "windowSoftInputMode": 1
        }
    },
    "androidwearos": {
        "needAppMenu": false,
        "psp": {
            "windowSoftInputMode": 1
        }
    },
    "breakpointInfo": {
        "b1": {
            "width": 1366
        },
        "b2": {
            "width": 1024
        },
        "b3": {
            "width": 640
        }
    },
    "canUpdateUI": true,
    "canvasWidth": 1200,
    "children": [
        "flxMain"
    ],
    "containerweight": 100,
    "controllerInfo": {
        "default": {
            "channel": "desktop",
            "name": "frmDashBoardController"
        }
    },
    "currentBreakpoint": {
        "kuid": "b1",
        "width": 1366
    },
    "currentLocale": "default",
    "desktopweb": {
        "needAppMenu": false
    },
    "device": "desktopweb",
    "displayorientation": 1,
    "enabledforidletimeout": false,
    "id": "frmDashBoard",
    "ide_preShow": "AS_Form_c7651f0c984349379c35c1615644e77a",
    "info": null,
    "initdone": false,
    "inputaccessoryviewtype": 4,
    "ipad": {
        "needAppMenu": false,
        "psp": {
            "inputAccessoryViewType": 4
        },
        "titleBar": false
    },
    "iphone": {
        "needAppMenu": false,
        "psp": {
            "inputAccessoryViewType": 4
        },
        "titleBar": false
    },
    "iscustomlayout": false,
    "isvisible": true,
    "kiosk": {
        "needAppMenu": false
    },
    "kuid": "j990154c7dc24efb9a98e1b0346717a6",
    "layouttype": 2,
    "name": "kony.ui.Form2",
    "needappmenu": false,
    "paddinginpixel": false,
    "platform": "desktopweb",
    "prevDevice": "desktopweb",
    "prevPlatform": "desktopweb",
    "retaincontentalignment": false,
    "retainflexpositionproperties": false,
    "retainscrollposition": false,
    "snapgridsize": 10,
    "snaptogrid": true,
    "spaan": {
        "needAppMenu": false
    },
    "spaandroidtablet": {
        "needAppMenu": false
    },
    "spaip": {
        "needAppMenu": false
    },
    "spaipad": {
        "needAppMenu": false
    },
    "spawindowstablet": {
        "needAppMenu": false
    },
    "spawinphone8": {
        "needAppMenu": false
    },
    "titleBarSkin": "s707d07ec0ed4456a2e5aeb8a9870703",
    "titlebar": true,
    "type": 3,
    "wType": "Form",
    "windows8": {
        "needAppMenu": false
    },
    "winphone8": {
        "needAppMenu": false
    }
}