{
    "@class": "com.kony.gen.viz.model.component.KVizLabel",
    "DNDConfig": null,
    "_height_": {
        "type": "ref",
        "value": "preferred"
    },
    "_margin_": [
        1,
        1,
        1,
        1
    ],
    "_padding_": [
        0,
        0,
        0,
        0
    ],
    "_skin_": "sd13876d8d0d4f3c8df2990b4c8a3337",
    "_text_": "stay connected anytime ,anywhere",
    "_top_": {
        "type": "string",
        "value": "145dp"
    },
    "_width_": {
        "type": "ref",
        "value": "preferred"
    },
    "_wrapping_": 2,
    "android": {
        "textStyle": {
            "letterSpacing": 0,
            "strikeThrough": false
        }
    },
    "canUpdateUI": true,
    "centerx": {
        "type": "string",
        "value": "38%"
    },
    "containerweight": 100,
    "contentalignment": 4,
    "id": "Label0f480cd29bf9741",
    "info": null,
    "ipad": {
        "psp": {
            "wrapping": 2
        }
    },
    "iphone": {
        "psp": {
            "wrapping": 2
        }
    },
    "iscustomlayout": false,
    "isvisible": true,
    "kuid": "a7f118cb820e46239cf5567f860eaac9",
    "name": "kony.ui.Label",
    "parent": "flxExperience",
    "pf": "frmDashBoard",
    "retaincontentalignment": false,
    "retainflexpositionproperties": false,
    "tooltip": "",
    "wType": "Label"
}