{
    "@class": "com.kony.gen.viz.model.component.KVizTextBox2",
    "DNDConfig": null,
    "_height_": {
        "type": "string",
        "value": "10%"
    },
    "_left_": {
        "type": "string",
        "value": "0"
    },
    "_margin_": [
        0,
        0,
        0,
        0
    ],
    "_padding_": [
        3,
        0,
        0,
        0
    ],
    "_placeholder_": "Name",
    "_skin_": "s1c182cf1b9947ffa749b56f495814d5",
    "_text_": "",
    "_top_": {
        "type": "string",
        "value": "20%"
    },
    "_width_": {
        "type": "string",
        "value": "90%"
    },
    "autocapitalize": "none",
    "autocomplete": false,
    "autocorrect": false,
    "autofilter": false,
    "canUpdateUI": true,
    "centerx": {
        "type": "string",
        "value": "50%"
    },
    "containerheight": "",
    "containerheightmode": 1,
    "containerweight": 100,
    "contentalignment": 4,
    "desktopweb": {
        "placeholderSkin": "sdfeadcdb6a44be886e9d6caef22b916"
    },
    "disabledSkins": {},
    "focusskin": "s171dbd3572b4154a1b3b8243b1c203a",
    "id": "TextField0e7e0a7c410f54f",
    "info": null,
    "iscustomlayout": false,
    "isvisible": false,
    "keyboardtype": "A",
    "kuid": "b9b76986135a4b94819ae2555270c9a1",
    "mode": "A",
    "name": "kony.ui.TextBox2",
    "parent": "flx5",
    "pf": "frmDashBoard",
    "placeholderskin": "sdfeadcdb6a44be886e9d6caef22b916",
    "retaincontentalignment": false,
    "retainflexpositionproperties": false,
    "securetextentry": false,
    "textinputmode": "A",
    "tooltip": "",
    "viewtype": "default",
    "wType": "TextField"
}