{
    "@class": "com.kony.gen.viz.model.component.KVizTextArea2",
    "DNDConfig": null,
    "_height_": {
        "type": "string",
        "value": "80dp"
    },
    "_left_": {
        "type": "number",
        "value": "15"
    },
    "_margin_": [
        2,
        2,
        2,
        2
    ],
    "_padding_": [
        2,
        2,
        2,
        2
    ],
    "_placeholder_": "Description",
    "_skin_": "s2ce8ee670f3457c898e1ac310d7edd4",
    "_text_": "",
    "_top_": {
        "type": "string",
        "value": "56%"
    },
    "_width_": {
        "type": "string",
        "value": "90%"
    },
    "autocapitalize": "none",
    "autocomplete": false,
    "autocorrect": false,
    "autofilter": false,
    "canUpdateUI": true,
    "closebuttontext": "",
    "containerheight": "",
    "containerheightmode": 1,
    "containerweight": 100,
    "contentalignment": 1,
    "desktopweb": {
        "placeholderSkin": "s0ff37b250344f9c97ed8aae41ecb338"
    },
    "disabledSkins": {},
    "focusskin": "sd173046ce4f488590189b8ec8eac1db",
    "id": "TextArea0b1fb8730d35a4b",
    "info": null,
    "iscustomlayout": false,
    "isvisible": false,
    "keyboardstyle": "A",
    "keyboardtype": "A",
    "kuid": "dcb2d12f9a5e41629e4ee81389342900",
    "mode": "A",
    "name": "kony.ui.TextArea2",
    "numberofvisiblelines": 3,
    "parent": "flx5",
    "pf": "frmDashBoard",
    "placeholderskin": "s0ff37b250344f9c97ed8aae41ecb338",
    "retaincontentalignment": false,
    "retainflexpositionproperties": false,
    "securetextentry": false,
    "showoprogressindicator": false,
    "showprogressindicator": false,
    "textinputmode": "A",
    "tooltip": "",
    "viewtype": "default",
    "wType": "TextArea"
}