{
    "@class": "com.kony.gen.viz.model.component.KVizButton",
    "DNDConfig": null,
    "_height_": {
        "type": "string",
        "value": "75%"
    },
    "_left_": {
        "type": "string",
        "value": "32%"
    },
    "_margin_": [
        6,
        6,
        6,
        6
    ],
    "_padding_": [
        0,
        0,
        0,
        0
    ],
    "_skin_": "sab540d6a1b746f8ade736f822269233",
    "_text_": "1",
    "_top_": {
        "type": "string",
        "value": "0"
    },
    "_width_": {
        "type": "string",
        "value": "10%"
    },
    "canUpdateUI": true,
    "centery": {
        "type": "string",
        "value": "50%"
    },
    "containerweight": 100,
    "contentalignment": 5,
    "desktopweb": {
        "psp": {
            "hoverSkin": "s89fece4c50a4492a6f8dff9c68ba50d"
        }
    },
    "disabledSkins": {},
    "displaytext": true,
    "focusskin": "sb16a554fa124f4c9964cca665d37147",
    "id": "btn1",
    "info": null,
    "iscustomlayout": false,
    "isvisible": true,
    "kuid": "e60841ae7ff5467d9ee0f6399726c1bd",
    "name": "kony.ui.Button",
    "parent": "flxPageChange",
    "pf": "frmGuestList",
    "retaincontentalignment": false,
    "retainflexpositionproperties": false,
    "wType": "Button"
}