{
    "@class": "com.kony.gen.viz.model.component.KVizButton",
    "DNDConfig": null,
    "_height_": {
        "type": "string",
        "value": "75%"
    },
    "_left_": {
        "type": "string",
        "value": "44%"
    },
    "_margin_": [
        6,
        6,
        6,
        6
    ],
    "_padding_": [
        0,
        0,
        0,
        0
    ],
    "_skin_": "s0329497067847ec8b792e93478ee109",
    "_text_": "2",
    "_top_": {
        "type": "string",
        "value": "0"
    },
    "_width_": {
        "type": "string",
        "value": "10%"
    },
    "canUpdateUI": true,
    "centery": {
        "type": "string",
        "value": "50%"
    },
    "containerweight": 100,
    "contentalignment": 5,
    "displaytext": true,
    "focusskin": "sb16a554fa124f4c9964cca665d37147",
    "id": "btn2",
    "ide_onTouchEnd": "AS_Button_c7fd403292c24ef38750500c55bdc1cb",
    "info": null,
    "iscustomlayout": false,
    "isvisible": false,
    "kuid": "cc6ffa6332904df6a72ee7c63dd0d998",
    "name": "kony.ui.Button",
    "parent": "flxPageChange",
    "pf": "frmGuestList",
    "retaincontentalignment": false,
    "retainflexpositionproperties": false,
    "wType": "Button"
}