{
    "@class": "com.kony.gen.viz.model.component.KVizButton",
    "DNDConfig": null,
    "_height_": {
        "type": "string",
        "value": "75%"
    },
    "_left_": {
        "type": "string",
        "value": "45%"
    },
    "_margin_": [
        6,
        6,
        6,
        6
    ],
    "_padding_": [
        0,
        0,
        0,
        0
    ],
    "_skin_": "s79cc440c7bb471d869e4169deb5a9b5",
    "_text_": "2",
    "_top_": {
        "type": "string",
        "value": "0"
    },
    "_width_": {
        "type": "string",
        "value": "10%"
    },
    "canUpdateUI": true,
    "centery": {
        "type": "string",
        "value": "50%"
    },
    "containerweight": 100,
    "contentalignment": 5,
    "displaytext": true,
    "focusskin": "sb16a554fa124f4c9964cca665d37147",
    "id": "btn22",
    "ide_onClick": "AS_Button_h4c8eee6f7e14feaa3934142d9debcd6",
    "info": null,
    "iscustomlayout": false,
    "isvisible": true,
    "kuid": "a57993bac50f493a9932353735efd914",
    "name": "kony.ui.Button",
    "parent": "flxPageChange",
    "pf": "frmGuestList",
    "retaincontentalignment": false,
    "retainflexpositionproperties": false,
    "wType": "Button"
}