{
    "@class": "com.kony.gen.viz.model.component.KVizLabel",
    "DNDConfig": null,
    "_height_": {
        "type": "ref",
        "value": "preferred"
    },
    "_margin_": [
        0,
        0,
        0,
        0
    ],
    "_padding_": [
        0,
        0,
        0,
        0
    ],
    "_skin_": "sbde1ff74ea44d3ba209e2ed0b338dfc",
    "_text_": "",
    "_width_": {
        "type": "ref",
        "value": "preferred"
    },
    "_wrapping_": 2,
    "android": {
        "textStyle": {
            "letterSpacing": 0,
            "strikeThrough": false
        }
    },
    "canUpdateUI": true,
    "centerx": {
        "type": "string",
        "value": "50%"
    },
    "centery": {
        "type": "string",
        "value": "50%"
    },
    "containerweight": 100,
    "contentalignment": 4,
    "id": "CopyEnvelopeLight0fdb1e368b30940",
    "info": null,
    "ipad": {
        "psp": {
            "wrapping": 2
        }
    },
    "iphone": {
        "psp": {
            "wrapping": 2
        }
    },
    "isvisible": true,
    "kuid": "afd89eae7cbe492db150d7ff9b3e2c0b",
    "masterType": 1,
    "name": "kony.ui.Label",
    "parent": "CopyFlexContainer0ccd98ee4a88043",
    "pf": "frmGuestList",
    "tooltip": "",
    "wType": "Label",
    "zindex": 1
}