{
    "DNDConfig": null,
    "_height_": {
        "type": "string",
        "value": "75dp"
    },
    "_left_": {
        "type": "string",
        "value": "0"
    },
    "_margin_": [
        0,
        0,
        0,
        0
    ],
    "_orientation_": 6,
    "_padding_": [
        0,
        0,
        0,
        0
    ],
    "_percent_": true,
    "_skin_": "s282b25bc41b48179e8f3688995f588e",
    "_top_": {
        "type": "string",
        "value": "0"
    },
    "_width_": {
        "type": "string",
        "value": "33%"
    },
    "allboxes": [],
    "autogrowmode": 0,
    "canUpdateUI": true,
    "centerx": {
        "type": "string",
        "value": "52%"
    },
    "centery": {
        "type": "string",
        "value": "22%"
    },
    "children": [
        "CopyImage0h8989fd883b04b"
    ],
    "clipbounds": true,
    "containerweight": 100,
    "enablescrolling": true,
    "id": "CopyFlexContainer0ad463432d95749",
    "info": null,
    "iscustomlayout": false,
    "isvisible": true,
    "kuid": "fe963b12ff6f4c08aab9a30de0b58cc5",
    "layouttype": 2,
    "name": "kony.ui.FlexContainer",
    "parent": "flx3",
    "pf": "frmGuestList",
    "retaincontentalignment": false,
    "retainflexpositionproperties": false,
    "retainflowhorizontalalignment": false,
    "snapgridsize": 10,
    "snaptogrid": true,
    "wType": "FlexContainer",
    "widgetalignment": 1
}