{
  "operationConfig" : {
    "name" : "createevents4108",
    "type" : "MappedToBackend",
    "cachable" : false,
    "smsEnabled" : false,
    "security" : "authorized_app_user",
    "responseEncoding" : "UTF-8",
    "httpMethod" : "GET",
    "decodeResponseBody" : false,
    "referencingEndpoint" : "default",
    "inputs" : [ {
      "id" : "eventdate",
      "scope" : "request",
      "dataType" : "date",
      "encode" : true,
      "passNull" : false,
      "isExtended" : false
    }, {
      "id" : "eventtime",
      "scope" : "request",
      "dataType" : "string",
      "encode" : true,
      "passNull" : false,
      "isExtended" : false
    }, {
      "id" : "eventplace",
      "scope" : "request",
      "dataType" : "string",
      "encode" : true,
      "passNull" : false,
      "isExtended" : false
    }, {
      "id" : "eventcountry",
      "scope" : "request",
      "dataType" : "string",
      "encode" : true,
      "passNull" : false,
      "isExtended" : false
    }, {
      "id" : "description",
      "scope" : "request",
      "dataType" : "string",
      "encode" : true,
      "passNull" : false,
      "isExtended" : false
    }, {
      "id" : "purpose",
      "scope" : "request",
      "dataType" : "string",
      "encode" : true,
      "passNull" : false,
      "isExtended" : false
    }, {
      "id" : "duration",
      "scope" : "request",
      "dataType" : "string",
      "encode" : true,
      "passNull" : false,
      "isExtended" : false
    } ],
    "applyCommonMapping" : true,
    "applyRequestCommonMapping" : true,
    "applyResponseCommonMapping" : true,
    "entityMetadata" : "{\"entityAttributeTypeList\":[{\"name\":\"eventid\",\"jdbcType\":4,\"columnTypeName\":\"serial\",\"columnDecimalDigits\":0,\"autoGenerated\":true,\"creatable\":false,\"updatable\":false,\"primary\":true,\"softDelete\":false,\"lastModified\":false},{\"name\":\"eventdate\",\"jdbcType\":91,\"columnTypeName\":\"date\",\"columnDecimalDigits\":0,\"autoGenerated\":false,\"creatable\":true,\"updatable\":true,\"primary\":false,\"softDelete\":false,\"lastModified\":false},{\"name\":\"eventtime\",\"jdbcType\":12,\"columnTypeName\":\"varchar\",\"columnDecimalDigits\":0,\"autoGenerated\":false,\"creatable\":true,\"updatable\":true,\"primary\":false,\"softDelete\":false,\"lastModified\":false},{\"name\":\"eventplace\",\"jdbcType\":12,\"columnTypeName\":\"varchar\",\"columnDecimalDigits\":0,\"autoGenerated\":false,\"creatable\":true,\"updatable\":true,\"primary\":false,\"softDelete\":false,\"lastModified\":false},{\"name\":\"eventcountry\",\"jdbcType\":12,\"columnTypeName\":\"varchar\",\"columnDecimalDigits\":0,\"autoGenerated\":false,\"creatable\":true,\"updatable\":true,\"primary\":false,\"softDelete\":false,\"lastModified\":false},{\"name\":\"description\",\"jdbcType\":12,\"columnTypeName\":\"text\",\"columnDecimalDigits\":0,\"autoGenerated\":false,\"creatable\":true,\"updatable\":true,\"primary\":false,\"softDelete\":false,\"lastModified\":false},{\"name\":\"purpose\",\"jdbcType\":12,\"columnTypeName\":\"varchar\",\"columnDecimalDigits\":0,\"autoGenerated\":false,\"creatable\":true,\"updatable\":true,\"primary\":false,\"softDelete\":false,\"lastModified\":false},{\"name\":\"duration\",\"jdbcType\":12,\"columnTypeName\":\"varchar\",\"columnDecimalDigits\":0,\"autoGenerated\":false,\"creatable\":true,\"updatable\":true,\"primary\":false,\"softDelete\":false,\"lastModified\":false}],\"relationshipTypeList\":[{\"targetEntityType\":{\"name\":\"event_invitations\",\"schemaName\":\"public\"},\"relationshipAttributeTypeList\":[{\"sourceEntityAttributeType\":{\"name\":\"eventid\",\"jdbcType\":0,\"columnDecimalDigits\":0,\"autoGenerated\":false,\"creatable\":false,\"updatable\":false,\"primary\":false,\"softDelete\":false,\"lastModified\":false},\"targetEntityAttributeType\":{\"name\":\"eventid\",\"jdbcType\":0,\"columnDecimalDigits\":0,\"autoGenerated\":false,\"creatable\":false,\"updatable\":false,\"primary\":false,\"softDelete\":false,\"lastModified\":false}}],\"cascadeDelete\":true,\"relationshipType\":\"ONE_TO_MANY\"}],\"name\":\"events\",\"schemaName\":\"public\",\"entityType\":\"com.kony.rdbms.metadata.model.AnnotatedTable\"}",
    "opcode" : "create",
    "backendMeta" : {
      "qualifiedObjectName" : "public.events",
      "backendObjectName" : "events"
    },
    "relationshipHierarchyMapping" : {
      "children" : [ {
        "children" : [ ],
        "name" : "event_invitations",
        "actions" : {
          "create" : true,
          "update" : true
        },
        "selected" : true
      } ],
      "name" : "events",
      "actions" : {
        "create" : true,
        "update" : true
      },
      "selected" : true
    },
    "requestXmlMappingOverride" : false,
    "responseXmlMappingOverride" : false,
    "mapperData" : [ {
      "name" : "base mapper1",
      "order" : 1,
      "requestXmlMappingOverride" : false,
      "responseXmlMappingOverride" : false,
      "disabled" : false,
      "applyCommonMapping" : true,
      "applyRequestCommonMapping" : true,
      "applyResponseCommonMapping" : true
    } ]
  },
  "enableFrontendUrl" : false,
  "customVerb" : false
}