[ {
  "name" : "description",
  "sourceFieldname" : "description",
  "description" : "description",
  "dataType" : "string",
  "hasIndex" : false,
  "unique" : false,
  "primarykey" : false,
  "namefield" : false,
  "nullable" : true,
  "custom" : false,
  "createable" : true,
  "updateable" : true,
  "audit" : false,
  "customizable" : false,
  "fieldLength" : 2147483647,
  "precision" : 0,
  "fieldOrder" : 0,
  "fieldProperties" : {
    "autoGenerated" : "false"
  },
  "etag" : "58087859-6f0e-409e-b5c3-328715fbdf64",
  "isExtended" : false
}, {
  "name" : "duration",
  "sourceFieldname" : "duration",
  "description" : "duration",
  "dataType" : "string",
  "hasIndex" : false,
  "unique" : false,
  "primarykey" : false,
  "namefield" : false,
  "nullable" : true,
  "custom" : false,
  "createable" : true,
  "updateable" : true,
  "audit" : false,
  "customizable" : false,
  "fieldLength" : 50,
  "precision" : 0,
  "fieldOrder" : 0,
  "fieldProperties" : {
    "autoGenerated" : "false"
  },
  "etag" : "c46547b2-1113-465b-aa52-123b9b8571ba",
  "isExtended" : false
}, {
  "name" : "eventcountry",
  "sourceFieldname" : "eventcountry",
  "description" : "eventcountry",
  "dataType" : "string",
  "hasIndex" : false,
  "unique" : false,
  "primarykey" : false,
  "namefield" : false,
  "nullable" : true,
  "custom" : false,
  "createable" : true,
  "updateable" : true,
  "audit" : false,
  "customizable" : false,
  "fieldLength" : 50,
  "precision" : 0,
  "fieldOrder" : 0,
  "fieldProperties" : {
    "autoGenerated" : "false"
  },
  "etag" : "9477ffcb-f9a5-4e11-9574-9c2534d807fa",
  "isExtended" : false
}, {
  "name" : "eventdate",
  "sourceFieldname" : "eventdate",
  "description" : "eventdate",
  "dataType" : "date",
  "hasIndex" : false,
  "unique" : false,
  "primarykey" : false,
  "namefield" : false,
  "nullable" : true,
  "custom" : false,
  "createable" : true,
  "updateable" : true,
  "audit" : false,
  "customizable" : false,
  "fieldLength" : 13,
  "precision" : 0,
  "fieldOrder" : 0,
  "fieldProperties" : {
    "autoGenerated" : "false"
  },
  "etag" : "de9f0114-5ba2-4861-8ae6-10da145d8148",
  "isExtended" : false
}, {
  "name" : "eventid",
  "sourceFieldname" : "eventid",
  "description" : "eventid",
  "dataType" : "number",
  "hasIndex" : false,
  "unique" : false,
  "primarykey" : true,
  "namefield" : false,
  "nullable" : false,
  "custom" : false,
  "createable" : false,
  "updateable" : false,
  "audit" : false,
  "customizable" : false,
  "fieldLength" : 10,
  "precision" : 0,
  "fieldOrder" : 0,
  "fieldProperties" : {
    "autoGenerated" : "true"
  },
  "etag" : "63b37c3b-fbc7-4fab-81ed-c2bef4c0edf6",
  "isExtended" : false
}, {
  "name" : "eventplace",
  "sourceFieldname" : "eventplace",
  "description" : "eventplace",
  "dataType" : "string",
  "hasIndex" : false,
  "unique" : false,
  "primarykey" : false,
  "namefield" : false,
  "nullable" : true,
  "custom" : false,
  "createable" : true,
  "updateable" : true,
  "audit" : false,
  "customizable" : false,
  "fieldLength" : 50,
  "precision" : 0,
  "fieldOrder" : 0,
  "fieldProperties" : {
    "autoGenerated" : "false"
  },
  "etag" : "7874a7be-6c14-4ed8-b4d3-5303418612e3",
  "isExtended" : false
}, {
  "name" : "eventtime",
  "sourceFieldname" : "eventtime",
  "description" : "eventtime",
  "dataType" : "string",
  "hasIndex" : false,
  "unique" : false,
  "primarykey" : false,
  "namefield" : false,
  "nullable" : true,
  "custom" : false,
  "createable" : true,
  "updateable" : true,
  "audit" : false,
  "customizable" : false,
  "fieldLength" : 10,
  "precision" : 0,
  "fieldOrder" : 0,
  "fieldProperties" : {
    "autoGenerated" : "false"
  },
  "etag" : "74603f12-86d4-4686-bf11-651926f9ba96",
  "isExtended" : false
}, {
  "name" : "purpose",
  "sourceFieldname" : "purpose",
  "description" : "purpose",
  "dataType" : "string",
  "hasIndex" : false,
  "unique" : false,
  "primarykey" : false,
  "namefield" : false,
  "nullable" : true,
  "custom" : false,
  "createable" : true,
  "updateable" : true,
  "audit" : false,
  "customizable" : false,
  "fieldLength" : 50,
  "precision" : 0,
  "fieldOrder" : 0,
  "fieldProperties" : {
    "autoGenerated" : "false"
  },
  "etag" : "5290212a-541f-487c-b91d-b0cf4b0fcd69",
  "isExtended" : false
} ]