{
  "type" : "lob",
  "custom" : false,
  "junction" : false,
  "customizable" : false,
  "verbs" : {
    "get" : "getMapping",
    "update" : "updateMapping",
    "create" : "createMapping",
    "delete" : "deleteMapping"
  },
  "entityProperties" : {
    "BatchMode" : "pagination",
    "backendMeta" : {
      "backendObjectName" : "events",
      "qualifiedName" : "public.events",
      "metadataformatterobject" : "{\"displayName\":\"events\",\"qualifiedName\":\"public.events\",\"entityType\":\"com.kony.rdbms.metadata.model.AnnotatedTable\",\"name\":\"events\",\"schemaName\":\"public\",\"tableName\":\"events\"}"
    },
    "designTimeBackendMeta" : {
      "backendObjectName" : "events",
      "qualifiedName" : "public.events",
      "metadataformatterobject" : "{\"displayName\":\"events\",\"qualifiedName\":\"public.events\",\"entityType\":\"com.kony.rdbms.metadata.model.AnnotatedTable\",\"name\":\"events\",\"schemaName\":\"public\",\"tableName\":\"events\"}"
    }
  },
  "commonMappings" : [ {
    "sourceFieldName" : "duration",
    "targetField" : "duration",
    "type" : "request_response"
  }, {
    "sourceFieldName" : "eventid",
    "targetField" : "eventid",
    "type" : "request_response"
  }, {
    "sourceFieldName" : "purpose",
    "targetField" : "purpose",
    "type" : "request_response"
  }, {
    "sourceFieldName" : "description",
    "targetField" : "description",
    "type" : "request_response"
  }, {
    "sourceFieldName" : "eventtime",
    "targetField" : "eventtime",
    "type" : "request_response"
  }, {
    "sourceFieldName" : "eventplace",
    "targetField" : "eventplace",
    "type" : "request_response"
  }, {
    "sourceFieldName" : "eventcountry",
    "targetField" : "eventcountry",
    "type" : "request_response"
  }, {
    "sourceFieldName" : "eventdate",
    "targetField" : "eventdate",
    "type" : "request_response"
  } ]
}