{
    "@class": "com.kony.gen.viz.model.component.KVizButton",
    "DNDConfig": null,
    "_height_": {
        "type": "string",
        "value": "7%"
    },
    "_left_": {
        "type": "string",
        "value": "0"
    },
    "_margin_": [
        6,
        6,
        6,
        6
    ],
    "_padding_": [
        0,
        0,
        0,
        0
    ],
    "_skin_": "se71f3c0f3a648ec854a719f090127f5",
    "_text_": "List of Guest",
    "_top_": {
        "type": "string",
        "value": "0"
    },
    "_width_": {
        "type": "string",
        "value": "25%"
    },
    "canUpdateUI": true,
    "centerx": {
        "type": "string",
        "value": "45.45%"
    },
    "centery": {
        "type": "string",
        "value": "95.46%"
    },
    "containerweight": 100,
    "contentalignment": 5,
    "displaytext": true,
    "focusskin": "sae4ca47a66f4f41832ccbb8d6ef437b",
    "id": "btnListGuest",
    "ide_onClick": "AS_Button_be81de605823468bb6644a251a4d19ad",
    "info": null,
    "iscustomlayout": false,
    "isvisible": true,
    "kuid": "j901fa87b2db42fbafabb2dbc0f8dc85",
    "name": "kony.ui.Button",
    "parent": "flxDetails",
    "pf": "frmEventDetails",
    "retaincontentalignment": false,
    "retainflexpositionproperties": false,
    "wType": "Button"
}