{
    "@class": "com.kony.gen.viz.model.component.KVizLabel",
    "DNDConfig": null,
    "_height_": {
        "type": "ref",
        "value": "preferred"
    },
    "_left_": {
        "type": "string",
        "value": "12%"
    },
    "_margin_": [
        0,
        0,
        0,
        0
    ],
    "_padding_": [
        0,
        0,
        0,
        0
    ],
    "_skin_": "sd160ef9e0664037815ac032b700f371",
    "_text_": "",
    "_top_": {
        "type": "string",
        "value": "10dp"
    },
    "_width_": {
        "type": "ref",
        "value": "preferred"
    },
    "_wrapping_": 2,
    "android": {
        "textStyle": {
            "letterSpacing": 0,
            "strikeThrough": false
        }
    },
    "canUpdateUI": true,
    "containerweight": 100,
    "contentalignment": 4,
    "desktopweb": {
        "psp": {
            "hoverSkin": "s8664bfb903740e985b9389d6831ce83"
        }
    },
    "disabledSkins": {},
    "id": "BuildingDark",
    "info": null,
    "ipad": {
        "psp": {
            "wrapping": 2
        }
    },
    "iphone": {
        "psp": {
            "wrapping": 2
        }
    },
    "isvisible": true,
    "kuid": "a81b137fd8f847798ecb906cb0f7b461",
    "masterType": 1,
    "name": "kony.ui.Label",
    "parent": "CopyFlexContainer0af1a30f32aeb48",
    "pf": "frmEventDetails",
    "tooltip": "",
    "wType": "Label",
    "zindex": 1
}