{
    "DNDConfig": null,
    "_height_": {
        "type": "string",
        "value": "16.60%"
    },
    "_left_": {
        "type": "string",
        "value": "0dp"
    },
    "_margin_": [
        0,
        0,
        0,
        0
    ],
    "_orientation_": 6,
    "_padding_": [
        0,
        0,
        0,
        0
    ],
    "_percent_": true,
    "_skin_": "s78d06fe399949039ac0c54e5e86766e",
    "_top_": {
        "type": "string",
        "value": "170dp"
    },
    "_width_": {
        "type": "string",
        "value": "100%"
    },
    "allboxes": [],
    "autogrowmode": 0,
    "canUpdateUI": true,
    "centerx": {
        "type": "string",
        "value": "50%"
    },
    "children": [
        "CopyLabel0d8c2caf8eaf642",
        "Plane"
    ],
    "clipbounds": false,
    "containerweight": 100,
    "enablescrolling": true,
    "id": "CopyFlexContainer0ddc944a6d13a4a",
    "info": null,
    "iscustomlayout": false,
    "isvisible": true,
    "kuid": "i8b95059712443d48a4999ebb719b215",
    "layouttype": 2,
    "name": "kony.ui.FlexContainer",
    "parent": "flxMenuList",
    "pf": "frmEventDetails",
    "retaincontentalignment": false,
    "retainflexpositionproperties": false,
    "retainflowhorizontalalignment": false,
    "snapgridsize": 10,
    "snaptogrid": true,
    "wType": "FlexContainer",
    "widgetalignment": 1
}