{
    "@class": "com.kony.gen.viz.model.component.KVizImage2",
    "DNDConfig": null,
    "_base64_": null,
    "_bottom_": {
        "type": "string",
        "value": "0dp"
    },
    "_height_": {
        "type": "string",
        "value": "54%"
    },
    "_left_": {
        "type": "string",
        "value": "0"
    },
    "_margin_": [
        0,
        0,
        0,
        0
    ],
    "_padding_": [
        0,
        0,
        0,
        0
    ],
    "_skin_": "s2687f47dc4349dabe9282d8f6aab301",
    "_src_": "location_1.png",
    "_width_": {
        "type": "string",
        "value": "4%"
    },
    "canUpdateUI": true,
    "centerx": {
        "type": "string",
        "value": "25%"
    },
    "containerweight": 100,
    "id": "CopyImage0j435a36cedfc42",
    "imagescalemode": 2,
    "info": null,
    "invokedProperty": "src",
    "iscustomlayout": false,
    "isvisible": true,
    "kuid": "efe92453d1aa44f798dad6f382cb3e7d",
    "name": "kony.ui.Image2",
    "parent": "flxLocation",
    "pf": "frmEventDetails",
    "retaincontentalignment": false,
    "retainflexpositionproperties": false,
    "srcType": 1,
    "wType": "Image",
    "widgetalignment": 5
}