{
    "@class": "com.kony.gen.viz.model.component.KVizLabel",
    "DNDConfig": null,
    "_height_": {
        "type": "ref",
        "value": "preferred"
    },
    "_left_": {
        "type": "string",
        "value": "0"
    },
    "_margin_": [
        1,
        1,
        1,
        1
    ],
    "_padding_": [
        0,
        0,
        0,
        0
    ],
    "_skin_": "s923d4cf42e04f83ae4f9e595391c419",
    "_text_": "Hotel Booking",
    "_width_": {
        "type": "string",
        "value": "50%"
    },
    "_wrapping_": 2,
    "android": {
        "textStyle": {
            "letterSpacing": 0,
            "strikeThrough": false
        }
    },
    "canUpdateUI": true,
    "centerx": {
        "type": "string",
        "value": "55%"
    },
    "centery": {
        "type": "string",
        "value": "55%"
    },
    "containerweight": 100,
    "contentalignment": 4,
    "id": "CopyLabel0c355ffaa645640",
    "info": null,
    "ipad": {
        "psp": {
            "wrapping": 2
        }
    },
    "iphone": {
        "psp": {
            "wrapping": 2
        }
    },
    "iscustomlayout": false,
    "isvisible": true,
    "kuid": "d50e8adbae8d47c0bd6446c1b5676bb7",
    "name": "kony.ui.Label",
    "parent": "CopyFlexContainer0af1a30f32aeb48",
    "pf": "frmEventDetails",
    "retaincontentalignment": false,
    "retainflexpositionproperties": false,
    "tooltip": "",
    "wType": "Label"
}