{
    "@class": "com.kony.gen.viz.model.component.KVizUserWidget",
    "DNDConfig": null,
    "_children_": [],
    "_height_": {
        "type": "string",
        "value": "640dp"
    },
    "_left_": {
        "type": "string",
        "value": "0"
    },
    "_margin_": [
        0,
        0,
        0,
        0
    ],
    "_orientation_": 1,
    "_padding_": [
        0,
        0,
        0,
        0
    ],
    "_percent_": true,
    "_skin_": "s71129ee6eb14bf5b3fd5ea6d5a83c92",
    "_top_": {
        "type": "string",
        "value": "0dp"
    },
    "_width_": {
        "type": "string",
        "value": "200dp"
    },
    "areflexpropsreferenced": false,
    "autogrowmode": 0,
    "canUpdateUI": true,
    "clipbounds": false,
    "containerweight": 0,
    "dataDiffs": {
        "CopyFlexContainer0j1e94719e19f40": {
            "__events__": {},
            "__info__": {
                "kuid": "d3aa5f6963ce4c0c8f5af797925e7872",
                "srcKUID": "e2c5b23e7f2b4006841fbb95121acd69",
                "wType": "FlexContainer"
            }
        },
        "CopyImage0d9bba22f7bc242": {
            "__events__": {},
            "__info__": {
                "kuid": "i57d4450b94341b4abe3ae53450a039c",
                "srcKUID": "g841a82b712c42479553236a4ba51705",
                "wType": "Image"
            }
        },
        "CopyLabel0aa5907ffd34440": {
            "__events__": {},
            "__info__": {
                "kuid": "e4eb32c671de4fd389b38b5823b39fb3",
                "srcKUID": "j5c752c223174b539f9ab878f18d42f8",
                "wType": "Label"
            },
            "responsiveData": {
                "b1": {},
                "b2": {},
                "b3": {}
            }
        },
        "CopyLabel0e3c88c6973e540": {
            "__events__": {},
            "__info__": {
                "kuid": "c0af9f1c753645ab84522b3d18d8f36b",
                "srcKUID": "fd7a27022a5545998a4d7184e2a02c82",
                "wType": "Label"
            },
            "responsiveData": {
                "b1": {},
                "b2": {},
                "b3": {}
            }
        },
        "CopyLabel0f274cc3e8c7b47": {
            "__events__": {},
            "__info__": {
                "kuid": "c1805128f19142bb8e8d6afb0a30c6ba",
                "srcKUID": "df213d6247714dda88d8068d43888717",
                "wType": "Label"
            },
            "responsiveData": {
                "b1": {},
                "b2": {},
                "b3": {}
            }
        },
        "CopyLabel0f56312b7d33146": {
            "__events__": {},
            "__info__": {
                "kuid": "j8aa78e47c2d4e8bbecb37a7265191ba",
                "srcKUID": "i0d3da5a4ec742479ba3d984f836e0a6",
                "wType": "Label"
            }
        },
        "CopyLabel0fa12692a4b6249": {
            "__events__": {},
            "__info__": {
                "kuid": "hd14e25a65bf42ea8a7547458fd9d229",
                "srcKUID": "d6e8c5a51d464ac4af0d9bd32f23ec01",
                "wType": "Label"
            },
            "responsiveData": {
                "b1": {},
                "b2": {},
                "b3": {}
            }
        },
        "CopyLabel0fbdc31ee316a46": {
            "__events__": {},
            "__info__": {
                "kuid": "bca1b72eaf7a4407ba1a30857b145cb4",
                "srcKUID": "d03133375a674a98a961e36ca89a5d66",
                "wType": "Label"
            },
            "responsiveData": {
                "b1": {},
                "b2": {
                    "centerY": {
                        "type": "string",
                        "value": "50%"
                    },
                    "width": {
                        "type": "string",
                        "value": "60%"
                    }
                },
                "b3": {
                    "centerY": {
                        "type": "string",
                        "value": "50%"
                    }
                }
            }
        },
        "CopyLabel0g763ca1b3c3042": {
            "__events__": {},
            "__info__": {
                "kuid": "d166833379a34bf18e2674dfe33c3932",
                "srcKUID": "dcc9e65ff0464222adf2d322a1768b57",
                "wType": "Label"
            }
        },
        "CopyflxCircle0h4eb5316bb1444": {
            "__events__": {},
            "__info__": {
                "kuid": "ge52921eb1194dd389f5645712674134",
                "srcKUID": "j90f8fb683144d4fbf8ef443b06c2cea",
                "wType": "FlexContainer"
            }
        },
        "CopyflxCreateVisitors0a4a96864952042": {
            "__events__": {},
            "__info__": {
                "kuid": "c2b35e0d355b4ad09b0f5dcf835d3bc8",
                "srcKUID": "jd4fdbd8244c4747afd4d8d05f84ce75",
                "wType": "FlexContainer"
            },
            "autogrowMode": {
                "Default": 0
            },
            "height": {
                "Default": {
                    "type": "string",
                    "value": "50px"
                }
            },
            "responsiveData": {
                "b1": {},
                "b2": {},
                "b3": {}
            },
            "top": {
                "Default": {
                    "type": "string",
                    "value": "535dp"
                }
            },
            "width": {
                "Default": {
                    "type": "string",
                    "value": "48%"
                }
            }
        },
        "CopyflxDAshboard0b0675ce33fe742": {
            "__events__": {},
            "__info__": {
                "kuid": "c93a277cc5cb4e3e8c0fc24804e79491",
                "srcKUID": "cb2bee76da0d4974bfbffe7e202c5c96",
                "wType": "FlexContainer"
            },
            "responsiveData": {
                "b1": {},
                "b2": {},
                "b3": {}
            }
        },
        "CopyflxEvent0b4cfc15bbaf040": {
            "__events__": {},
            "__info__": {
                "kuid": "g35878ea5ddc4f7495ca1c9ab8a336b8",
                "srcKUID": "fc4f7e3be5e8445eba5c7073f6efa746",
                "wType": "FlexContainer"
            },
            "responsiveData": {
                "b1": {},
                "b2": {},
                "b3": {}
            }
        },
        "CopyflxFlightBooking0d33bf0f113be4d": {
            "__events__": {},
            "__info__": {
                "kuid": "bb19739629d04452a208097e8ce69da6",
                "srcKUID": "f6049b3a758f443e8e5d4525dead8806",
                "wType": "FlexContainer"
            }
        },
        "CopyflxFlightBooking0eebaaebe72954b": {
            "__events__": {},
            "__info__": {
                "kuid": "c12a454dc53f4a2a80b84efa9f221dc5",
                "srcKUID": "fe1a963d4f0c4ec4a525f1756e41a86c",
                "wType": "FlexContainer"
            },
            "responsiveData": {
                "b1": {},
                "b2": {},
                "b3": {}
            }
        },
        "CopyflxHotelBooking0e3be977e75274d": {
            "__events__": {},
            "__info__": {
                "kuid": "c0e823c3a2ac4788b324898dc91c8c19",
                "srcKUID": "c176c605c5094d938da103c40128116a",
                "wType": "FlexContainer"
            },
            "responsiveData": {
                "b1": {},
                "b2": {},
                "b3": {}
            }
        },
        "CopyflxLogout0d5021e088a6f43": {
            "__events__": {},
            "__info__": {
                "kuid": "h38124cbfedf467fbd1f8110fee8acf9",
                "srcKUID": "a01f38ff4d3e4683b643872145703819",
                "wType": "FlexContainer"
            },
            "responsiveData": {
                "b1": {},
                "b4": {}
            },
            "top": {
                "Default": {
                    "type": "string",
                    "value": "599dp"
                }
            }
        },
        "CopyflxMenuList0c5d7a9978f2f49": {
            "__events__": {},
            "__info__": {
                "kuid": "a2a4e40750784b0bb97d97fe33d6a146",
                "srcKUID": "bc5c5694c55941eb8e4c60ead1ea8eb8",
                "wType": "FlexContainer"
            },
            "responsiveData": {
                "b1": {},
                "b3": {
                    "top": {
                        "type": "string",
                        "value": "150dp"
                    }
                }
            }
        },
        "CopyflxProfile0e8438150aa744a": {
            "__events__": {},
            "__info__": {
                "kuid": "jd88ede1498945bb9bcf5d0cea09402a",
                "srcKUID": "d5a13235c43d4639a3fcff599bf23311",
                "wType": "FlexContainer"
            },
            "responsiveData": {
                "b1": {},
                "b2": {
                    "skin": "s48a182d5647486682d599b0d5fa5a36"
                },
                "b3": {}
            }
        },
        "CopyflxguestList0h32c408009a74e": {
            "__events__": {},
            "__info__": {
                "kuid": "e8eb9d6589e74cdd808454f05c07a3cc",
                "srcKUID": "b7451ee6cd974f939e2890104138043f",
                "wType": "FlexContainer"
            },
            "responsiveData": {
                "b1": {
                    "centerX": {
                        "type": "string",
                        "value": "50.00%"
                    }
                },
                "b2": {
                    "centerX": {
                        "type": "string",
                        "value": "50%"
                    }
                },
                "b3": {
                    "centerX": {
                        "type": "string",
                        "value": "49.96%"
                    }
                }
            }
        },
        "CopyflximgLogo0if051cf4ba214f": {
            "__events__": {},
            "__info__": {
                "kuid": "j4d7e4a926374010add6c052a96a2626",
                "srcKUID": "c782c3a94cee44feafcf951e88827fd9",
                "wType": "FlexContainer"
            }
        },
        "CopyimgHome0bb108b3257b446": {
            "__events__": {},
            "__info__": {
                "kuid": "f0254ad913ff4b82a033ece7539d1607",
                "srcKUID": "bcad334f9d3a4a59aabc25ca5e098af2",
                "wType": "Image"
            }
        },
        "CopyimgHome0ceb5544e154a41": {
            "__events__": {},
            "__info__": {
                "kuid": "ed864c5c36dd41fb95d33b007bb6e348",
                "srcKUID": "ee292a0f2d3942deb553efead5b86838",
                "wType": "Image"
            }
        },
        "CopyimgHome0e8b92e0fde214a": {
            "__events__": {},
            "__info__": {
                "kuid": "ebeba51af25a4c8281280709c51c5fd4",
                "srcKUID": "d739667c21534d82bb404d549e028775",
                "wType": "Image"
            }
        },
        "CopyimgHome0f2a50767e55345": {
            "__events__": {},
            "__info__": {
                "kuid": "b93467c2bfaf4e1280fd14632a0f1607",
                "srcKUID": "d1d5e04d61404bce910841314a19e34d",
                "wType": "Image"
            }
        },
        "CopyimgHome0j7c3ff9023f048": {
            "__events__": {},
            "__info__": {
                "kuid": "ee8eda536a11433fad647510cd51ac87",
                "srcKUID": "hc0d26e59b4e4b238932e9ee73746197",
                "wType": "Image"
            }
        },
        "Copyimglogo0b7898c2168d24c": {
            "__events__": {},
            "__info__": {
                "kuid": "e499c5327164453283ec095402749dd8",
                "srcKUID": "c7c607b43d6543b9b2c356120481c30d",
                "wType": "Image"
            }
        },
        "CopylblAddEvent0c599afd977bc47": {
            "__events__": {},
            "__info__": {
                "kuid": "ga59c4ada2f64bf3baacbf28067a7688",
                "srcKUID": "af77a5920d5d42acb8b7d379a9c32dab",
                "wType": "Label"
            },
            "responsiveData": {
                "b1": {},
                "b2": {},
                "b3": {}
            }
        },
        "CopylblEvent0e015a77dfebc4c": {
            "__events__": {},
            "__info__": {
                "kuid": "f5eeb13de8934e39a2cca6455960abdd",
                "srcKUID": "ef50748145b049dbaf614bed3be695b4",
                "wType": "Label"
            },
            "responsiveData": {
                "b1": {},
                "b2": {},
                "b3": {}
            }
        },
        "CopylblFlightBooking0jf78a1e7f9c74c": {
            "__events__": {},
            "__info__": {
                "kuid": "c1a1e93e9ed74066adc3d0988bf04f6d",
                "srcKUID": "a6a23886d732424783f9d6b5ed3b31ec",
                "wType": "Label"
            },
            "responsiveData": {
                "b1": {},
                "b2": {
                    "width": {
                        "type": "string",
                        "value": "60%"
                    }
                },
                "b3": {}
            }
        },
        "FlexContainer0j37c0ecf03594e": {
            "__events__": {},
            "__info__": {
                "kuid": "a1f125a933d247b68237bbe6c2512c7c",
                "srcKUID": "c01eb1c57bff498282d6b46e083b9462",
                "wType": "FlexContainer"
            }
        },
        "device1024": {
            "__events__": {},
            "__info__": {
                "isRoot": true,
                "kuid": "i90e332c6cc843bcbbe94fed582fed0a",
                "srcKUID": "e95efd5eddda4d7db6127dcde46acd71",
                "wType": "FlexContainer"
            },
            "responsiveData": {
                "b1": {
                    "isVisible": true,
                    "zIndex": 2
                },
                "b2": {
                    "isVisible": null,
                    "left": {
                        "type": "string",
                        "value": "0dp"
                    },
                    "top": null,
                    "zIndex": 2
                },
                "b3": {
                    "isVisible": null,
                    "left": {
                        "type": "string",
                        "value": "-10dp"
                    },
                    "top": null
                },
                "b3655060512": {
                    "isVisible": null,
                    "left": {
                        "type": "string",
                        "value": "-10dp"
                    },
                    "top": null
                },
                "b4": {
                    "isVisible": null,
                    "left": {
                        "type": "string",
                        "value": "0dp"
                    },
                    "top": null
                },
                "b5": {}
            },
            "top": {
                "Default": {
                    "type": "string",
                    "value": "0dp"
                }
            }
        },
        "flxCircle": {
            "__events__": {},
            "__info__": {
                "kuid": "c6f6d1a4cb7a4a34b5efc0350dd35bb8",
                "srcKUID": "a75fea3de9d04d16ab72c9acf66d39cf",
                "wType": "FlexContainer"
            }
        },
        "flxFlightBooking": {
            "__events__": {},
            "__info__": {
                "kuid": "b9542c72a1cf48a6ab5cabfebd5a7f2c",
                "srcKUID": "b3bbb001f33446ba8be8556815f2f067",
                "wType": "FlexContainer"
            }
        },
        "flxGraph": {
            "__events__": {},
            "__info__": {
                "kuid": "f29d23be20a1485097b92e200334713f",
                "srcKUID": "d3a1b3139c634605920ab8d92a186355",
                "wType": "FlexContainer"
            }
        },
        "flxHotelBooking": {
            "__events__": {},
            "__info__": {
                "kuid": "d51e68c7f7f240e3b7c47d53c61d78e3",
                "srcKUID": "i6f567e91bfd4734b853d7d80a4ffd9c",
                "wType": "FlexContainer"
            }
        },
        "flxUserIcon": {
            "__events__": {},
            "__info__": {
                "kuid": "e21d84fb68394741b4b8c338c23c399b",
                "srcKUID": "i6d05597b58e4cf1a4672ad8ab3cd447",
                "wType": "FlexContainer"
            }
        },
        "imgHome": {
            "__events__": {},
            "__info__": {
                "kuid": "b135728c6c3947e191b6f679eafeac9e",
                "srcKUID": "i319ba405050490db6e9155034592a8a",
                "wType": "Image"
            }
        },
        "imgPlus": {
            "__events__": {},
            "__info__": {
                "kuid": "d4044142baaf4be388317b3071509009",
                "srcKUID": "c69204e9dbe74f7b9ad1ffac2de077ad",
                "wType": "Image"
            }
        }
    },
    "enablescrolling": true,
    "id": "device1024",
    "info": null,
    "iscustomlayout": false,
    "isdatareferenced": false,
    "isvisible": true,
    "kuid": "i90e332c6cc843bcbbe94fed582fed0a",
    "layouttype": 2,
    "masterType": 0,
    "name": "kony.ui.UserWidgetInstance",
    "parent": "flxMain",
    "pf": "frmEventDetails",
    "retaincontentalignment": false,
    "retainflexpositionproperties": false,
    "retainflowhorizontalalignment": false,
    "snapgridsize": 10,
    "snaptogrid": true,
    "sourceUserWidget": "e95efd5eddda4d7db6127dcde46acd71",
    "wType": "UserWidgetInstance"
}