{
    "DNDConfig": null,
    "_height_": {
        "type": "string",
        "value": "80px"
    },
    "_left_": {
        "type": "string",
        "value": "0"
    },
    "_margin_": [
        0,
        0,
        0,
        0
    ],
    "_orientation_": 6,
    "_padding_": [
        0,
        0,
        0,
        0
    ],
    "_percent_": true,
    "_skin_": "s8cd41b7209e4586818a0158a1ae99b4",
    "_top_": {
        "type": "string",
        "value": "680dp"
    },
    "_width_": {
        "type": "string",
        "value": "75%"
    },
    "allboxes": [],
    "autogrowmode": 0,
    "canUpdateUI": true,
    "centerx": {
        "type": "string",
        "value": "50%"
    },
    "children": [
        "FlexContainer0f638c6dc9f7d43",
        "CopyLabel0fde98cea68fe45",
        "PlusCircle"
    ],
    "clipbounds": false,
    "containerweight": 100,
    "enablescrolling": true,
    "id": "flxCreateVisitors",
    "ide_onClick": "AS_FlexContainer_c6e6b3e6b2fa429ea3d01dd8e3dc54a7",
    "info": null,
    "iscustomlayout": false,
    "isvisible": true,
    "kuid": "i6da34fac5ee49a78c5b96d2eb71143f",
    "layouttype": 2,
    "name": "kony.ui.FlexContainer",
    "parent": "flxMenu",
    "pf": "frmEventDetails",
    "retaincontentalignment": false,
    "retainflexpositionproperties": false,
    "retainflowhorizontalalignment": false,
    "snapgridsize": 10,
    "snaptogrid": true,
    "wType": "FlexContainer",
    "widgetalignment": 1
}