{
    "DNDConfig": null,
    "_height_": {
        "type": "string",
        "value": "80%"
    },
    "_left_": {
        "type": "string",
        "value": "2%"
    },
    "_margin_": [
        0,
        0,
        0,
        0
    ],
    "_orientation_": 6,
    "_padding_": [
        0,
        0,
        0,
        0
    ],
    "_percent_": true,
    "_skin_": "s9c0648fc10147a085ea784f055e1437",
    "_top_": {
        "type": "string",
        "value": "10%"
    },
    "_width_": {
        "type": "string",
        "value": "45%"
    },
    "allboxes": [],
    "autogrowmode": 0,
    "canUpdateUI": true,
    "children": [
        "flxDescription",
        "flxkeyfeatures",
        "flxDateAndTime",
        "flxLocation",
        "btninviteGuest",
        "btnListGuest",
        "flxEventType",
        "flxOrganizerInfo"
    ],
    "clipbounds": false,
    "containerweight": 100,
    "enablescrolling": true,
    "id": "flxDetails",
    "info": null,
    "iscustomlayout": false,
    "isvisible": true,
    "kuid": "a80fd2998e034f82ad55659a7e3db495",
    "layouttype": 2,
    "name": "kony.ui.FlexContainer",
    "parent": "flxguestblock",
    "pf": "frmEventDetails",
    "retaincontentalignment": false,
    "retainflexpositionproperties": false,
    "retainflowhorizontalalignment": false,
    "snapgridsize": 10,
    "snaptogrid": true,
    "wType": "FlexContainer",
    "widgetalignment": 1
}