{
    "DNDConfig": null,
    "_height_": {
        "type": "string",
        "value": "9%"
    },
    "_left_": {
        "type": "string",
        "value": "0dp"
    },
    "_margin_": [
        0,
        0,
        0,
        0
    ],
    "_orientation_": 6,
    "_padding_": [
        0,
        0,
        0,
        0
    ],
    "_percent_": true,
    "_skin_": "s50cea519d744885a0b6d41b4970ca08",
    "_top_": {
        "type": "string",
        "value": "270dp"
    },
    "_width_": {
        "type": "string",
        "value": "100%"
    },
    "allboxes": [],
    "autogrowmode": 0,
    "canUpdateUI": true,
    "children": [
        "lblEventType",
        "lblEventTypeValue",
        "Image0ee6c7d5b4c2945"
    ],
    "clipbounds": false,
    "containerweight": 100,
    "enablescrolling": true,
    "id": "flxEventType",
    "info": null,
    "iscustomlayout": false,
    "isvisible": true,
    "kuid": "dccd6b9bc95a461b92ef07ad0a0ec89a",
    "layouttype": 2,
    "name": "kony.ui.FlexContainer",
    "parent": "flxDetails",
    "pf": "frmEventDetails",
    "retaincontentalignment": false,
    "retainflexpositionproperties": false,
    "retainflowhorizontalalignment": false,
    "snapgridsize": 10,
    "snaptogrid": true,
    "wType": "FlexContainer",
    "widgetalignment": 1
}