{
    "DNDConfig": null,
    "_height_": {
        "type": "string",
        "value": "17%"
    },
    "_left_": {
        "type": "string",
        "value": "0dp"
    },
    "_margin_": [
        0,
        0,
        0,
        0
    ],
    "_orientation_": 6,
    "_padding_": [
        0,
        0,
        0,
        0
    ],
    "_percent_": true,
    "_skin_": "s78d06fe399949039ac0c54e5e86766e",
    "_top_": {
        "type": "string",
        "value": "40dp"
    },
    "_width_": {
        "type": "string",
        "value": "100%"
    },
    "allboxes": [],
    "autogrowmode": 0,
    "canUpdateUI": true,
    "centerx": {
        "type": "string",
        "value": "50%"
    },
    "children": [
        "CopyLabel0a91765b80c1e48",
        "CircleDark0a1a162bb71c445",
        "Label0a0c201217f7144",
        "User"
    ],
    "clipbounds": false,
    "containerweight": 100,
    "enablescrolling": true,
    "id": "flxguestList",
    "ide_onClick": "AS_FlexContainer_b992a9ec6b9f47238b760b809f5e9d82",
    "info": null,
    "iscustomlayout": false,
    "isvisible": true,
    "kuid": "c0289d453ed24de69de424309892ee22",
    "layouttype": 2,
    "name": "kony.ui.FlexContainer",
    "parent": "flxMenuList",
    "pf": "frmEventDetails",
    "retaincontentalignment": false,
    "retainflexpositionproperties": false,
    "retainflowhorizontalalignment": false,
    "snapgridsize": 10,
    "snaptogrid": true,
    "wType": "FlexContainer",
    "widgetalignment": 1
}