{
    "DNDConfig": null,
    "_height_": {
        "type": "string",
        "value": "80px"
    },
    "_left_": {
        "type": "string",
        "value": "0"
    },
    "_margin_": [
        0,
        0,
        0,
        0
    ],
    "_orientation_": 6,
    "_padding_": [
        0,
        0,
        0,
        0
    ],
    "_percent_": true,
    "_skin_": "sabe5ea8188d44eb9aed5e6218f6e789",
    "_top_": {
        "type": "string",
        "value": "0"
    },
    "_width_": {
        "type": "string",
        "value": "100%"
    },
    "allboxes": [],
    "autogrowmode": 0,
    "canUpdateUI": true,
    "children": [
        "imglogo"
    ],
    "clipbounds": false,
    "containerweight": 100,
    "enablescrolling": true,
    "id": "flximgLogo",
    "info": null,
    "iscustomlayout": false,
    "isvisible": true,
    "kuid": "i5aafa1744bf41f7a3ba102e8e795924",
    "layouttype": 2,
    "name": "kony.ui.FlexContainer",
    "parent": "flxMenu",
    "pf": "frmEventDetails",
    "retaincontentalignment": false,
    "retainflexpositionproperties": false,
    "retainflowhorizontalalignment": false,
    "snapgridsize": 10,
    "snaptogrid": true,
    "wType": "FlexContainer",
    "widgetalignment": 1
}