{
    "DNDConfig": null,
    "_height_": {
        "type": "string",
        "value": "9%"
    },
    "_left_": {
        "type": "string",
        "value": "10dp"
    },
    "_margin_": [
        0,
        0,
        0,
        0
    ],
    "_orientation_": 6,
    "_padding_": [
        0,
        0,
        0,
        0
    ],
    "_percent_": true,
    "_skin_": "s6e1d92c38b74178bdc574bae6fa49f3",
    "_top_": {
        "type": "string",
        "value": "50%"
    },
    "_width_": {
        "type": "string",
        "value": "100%"
    },
    "allboxes": [],
    "autogrowmode": 0,
    "canUpdateUI": true,
    "centerx": {
        "type": "string",
        "value": "50%"
    },
    "children": [
        "CopyLabel0e4c93162483c46",
        "CopyLabel0a415b12c120e4d",
        "CopyImage0j435a36cedfc42"
    ],
    "clipbounds": false,
    "containerweight": 100,
    "enablescrolling": true,
    "id": "flxLocation",
    "info": null,
    "iscustomlayout": false,
    "isvisible": true,
    "kuid": "d0082332d4b14fee89cba4e4df31431d",
    "layouttype": 2,
    "name": "kony.ui.FlexContainer",
    "parent": "flxDetails",
    "pf": "frmEventDetails",
    "retaincontentalignment": false,
    "retainflexpositionproperties": false,
    "retainflowhorizontalalignment": false,
    "snapgridsize": 10,
    "snaptogrid": true,
    "wType": "FlexContainer",
    "widgetalignment": 1
}