{
    "DNDConfig": null,
    "_height_": {
        "type": "string",
        "value": "640dp"
    },
    "_left_": {
        "type": "string",
        "value": "0dp"
    },
    "_margin_": [
        0,
        0,
        0,
        0
    ],
    "_orientation_": 6,
    "_padding_": [
        0,
        0,
        0,
        0
    ],
    "_percent_": true,
    "_skin_": "sb6fb24c64fd4a0c9da5bd08cee288a1",
    "_top_": {
        "type": "string",
        "value": "0dp"
    },
    "_width_": {
        "type": "string",
        "value": "1366dp"
    },
    "allboxes": [],
    "autogrowmode": 0,
    "canUpdateUI": true,
    "children": [
        "flxMenu",
        "flxSecond",
        "device1024"
    ],
    "clipbounds": false,
    "containerweight": 100,
    "enablescrolling": true,
    "id": "flxMain",
    "info": null,
    "iscustomlayout": false,
    "isvisible": true,
    "kuid": "h08c7a13b5eb45cfacc49904fc3d6a95",
    "layouttype": 2,
    "name": "kony.ui.FlexContainer",
    "parent": "frmEventDetails",
    "pf": "frmEventDetails",
    "retaincontentalignment": false,
    "retainflexpositionproperties": false,
    "retainflowhorizontalalignment": false,
    "snapgridsize": 10,
    "snaptogrid": true,
    "wType": "FlexContainer",
    "widgetalignment": 1
}