{
    "DNDConfig": null,
    "_height_": {
        "type": "ref",
        "value": "preferred"
    },
    "_left_": {
        "type": "string",
        "value": "0"
    },
    "_margin_": [
        0,
        0,
        0,
        0
    ],
    "_orientation_": 6,
    "_padding_": [
        0,
        0,
        0,
        0
    ],
    "_percent_": true,
    "_skin_": "s91c8ecd44864dba8544cd884d20fec1",
    "_top_": {
        "type": "string",
        "value": "0"
    },
    "_width_": {
        "type": "string",
        "value": "200dp"
    },
    "allboxes": [],
    "autogrowmode": 1,
    "canUpdateUI": true,
    "children": [
        "flximgLogo",
        "flxMenuList",
        "flxLogout",
        "flxCreateVisitors"
    ],
    "clipbounds": false,
    "containerweight": 100,
    "enablescrolling": true,
    "id": "flxMenu",
    "info": null,
    "iscustomlayout": false,
    "isvisible": false,
    "kuid": "if98722dfd354b4f93aeed44365bf3ae",
    "layouttype": 2,
    "name": "kony.ui.FlexContainer",
    "parent": "flxMain",
    "pf": "frmEventDetails",
    "retaincontentalignment": false,
    "retainflexpositionproperties": false,
    "retainflowhorizontalalignment": false,
    "snapgridsize": 10,
    "snaptogrid": true,
    "wType": "FlexContainer",
    "widgetalignment": 1
}