{
    "DNDConfig": null,
    "_height_": {
        "type": "string",
        "value": "13%"
    },
    "_left_": {
        "type": "string",
        "value": "0dp"
    },
    "_margin_": [
        0,
        0,
        0,
        0
    ],
    "_orientation_": 6,
    "_padding_": [
        0,
        0,
        0,
        0
    ],
    "_percent_": true,
    "_skin_": "sd31dc97c9ac457d9b8c588b4e059d8b",
    "_top_": {
        "type": "string",
        "value": "320dp"
    },
    "_width_": {
        "type": "string",
        "value": "100%"
    },
    "allboxes": [],
    "autogrowmode": 0,
    "canUpdateUI": true,
    "children": [
        "lblOrganizerInfo",
        "lblOrganizerInfoValue",
        "imgOrganizer"
    ],
    "clipbounds": false,
    "containerweight": 100,
    "enablescrolling": true,
    "id": "flxOrganizerInfo",
    "info": null,
    "iscustomlayout": false,
    "isvisible": true,
    "kuid": "ccba87690d9e4d4699f196618eb4cb12",
    "layouttype": 2,
    "name": "kony.ui.FlexContainer",
    "parent": "flxDetails",
    "pf": "frmEventDetails",
    "retaincontentalignment": false,
    "retainflexpositionproperties": false,
    "retainflowhorizontalalignment": false,
    "snapgridsize": 10,
    "snaptogrid": true,
    "wType": "FlexContainer",
    "widgetalignment": 1
}