{
    "DNDConfig": null,
    "_height_": {
        "type": "string",
        "value": "50%"
    },
    "_margin_": [
        0,
        0,
        0,
        0
    ],
    "_orientation_": 6,
    "_padding_": [
        0,
        0,
        0,
        0
    ],
    "_percent_": true,
    "_skin_": "sed865889eb64a9ba6589e6608905379",
    "_width_": {
        "type": "string",
        "value": "27%"
    },
    "allboxes": [],
    "autogrowmode": 0,
    "canUpdateUI": true,
    "centerx": {
        "type": "string",
        "value": "80%"
    },
    "centery": {
        "type": "string",
        "value": "55%"
    },
    "children": [
        "flxSearchBox",
        "FlexContainer0g5d4a98c3cfe45",
        "CopyFlexContainer0ee707cb1415048",
        "CopyFlexContainer0c9e1ef8fd11749",
        "CopyFlexContainer0c7c1888245234e"
    ],
    "clipbounds": false,
    "containerweight": 100,
    "enablescrolling": true,
    "id": "flxSearch",
    "info": null,
    "iscustomlayout": false,
    "isvisible": true,
    "kuid": "jc24926cd6314b96a4dd42f8e490fcdd",
    "layouttype": 2,
    "name": "kony.ui.FlexContainer",
    "parent": "flxHeading",
    "pf": "frmEventDetails",
    "retaincontentalignment": false,
    "retainflexpositionproperties": false,
    "retainflowhorizontalalignment": false,
    "snapgridsize": 10,
    "snaptogrid": true,
    "wType": "FlexContainer",
    "widgetalignment": 1
}