{
    "@class": "com.kony.gen.viz.model.component.KVizImage2",
    "DNDConfig": null,
    "_base64_": null,
    "_bottom_": {
        "type": "string",
        "value": "0dp"
    },
    "_height_": {
        "type": "string",
        "value": "50%"
    },
    "_left_": {
        "type": "string",
        "value": "0"
    },
    "_margin_": [
        0,
        0,
        0,
        0
    ],
    "_padding_": [
        0,
        0,
        0,
        0
    ],
    "_skin_": "s2687f47dc4349dabe9282d8f6aab301",
    "_src_": "calender1_1.png",
    "_width_": {
        "type": "string",
        "value": "5%"
    },
    "canUpdateUI": true,
    "centerx": {
        "type": "string",
        "value": "16%"
    },
    "containerweight": 100,
    "id": "Image0def65a46462e4b",
    "imagescalemode": 0,
    "info": null,
    "invokedProperty": "src",
    "iscustomlayout": false,
    "isvisible": true,
    "kuid": "cebd515ad6b34781a3eb7022e01d6785",
    "name": "kony.ui.Image2",
    "parent": "flxDateAndTime",
    "pf": "frmEventDetails",
    "retaincontentalignment": false,
    "retainflexpositionproperties": false,
    "srcType": 1,
    "wType": "Image",
    "widgetalignment": 5
}