{
    "@class": "com.kony.gen.viz.model.component.KVizImage2",
    "DNDConfig": null,
    "_base64_": null,
    "_height_": {
        "type": "string",
        "value": "30%"
    },
    "_left_": {
        "type": "string",
        "value": "135dp"
    },
    "_margin_": [
        0,
        0,
        0,
        0
    ],
    "_padding_": [
        0,
        0,
        0,
        0
    ],
    "_skin_": "sbf7876460724fbca1e3792cca31e004",
    "_src_": "organizerinfo.png",
    "_top_": {
        "type": "string",
        "value": "0dp"
    },
    "_width_": {
        "type": "string",
        "value": "7%"
    },
    "canUpdateUI": true,
    "containerweight": 100,
    "id": "imgOrganizer",
    "imagescalemode": 1,
    "info": null,
    "invokedProperty": "src",
    "iscustomlayout": false,
    "isvisible": true,
    "kuid": "j9a1c4e2dbf14414aa4ba47cb77c2b10",
    "name": "kony.ui.Image2",
    "parent": "flxOrganizerInfo",
    "pf": "frmEventDetails",
    "retaincontentalignment": false,
    "retainflexpositionproperties": false,
    "srcType": 1,
    "wType": "Image",
    "widgetalignment": 5
}