{
  "subType" : "customapp",
  "description" : "GMS_PORTAL",
  "version" : "1.0",
  "intSvcs" : [ {
    "name" : "testa1",
    "version" : "1.0",
    "etag" : "ac33d41c-e774-4a22-a2b2-5242e1a5b3a1"
  } ],
  "objectSvcs" : [ {
    "name" : "pgadmin",
    "version" : "1.0",
    "etag" : "92f60151-2de3-4205-8493-34efc8df7eb4"
  } ],
  "identity" : [ "GmsUserRepo" ],
  "identitySvcConf" : "{\"session_idle_timeout_mins\":20,\"session_max_duration_mins\":360,\"show_security_attributes\":false,\"is_integrity_enabled\":false,\"auto_extend\":true}"
}